userid,start_time,end_time,duration,loc_msoa,activity_type,geometry,o_lat,o_lon,o_h7,o_h8,o_h9,o_oa,home_activity,home_msoa
037FC3C8B311868053DCB0361086DF1D,2021-11-01 00:15:00,2021-11-01 06:15:00,369.45,E02000679,Home,POINT (535871.3622524234 172385.7934279914),172385.7934279914,535871.3622524234,87194ad03ffffff,88194ad03bfffff,89194ad03a7ffff,E00016766,Y,E02000679
037FC3C8B311868053DCB0361086DF1D,2021-11-01 07:30:00,2021-11-01 08:00:00,39.41666666666666,E02000679,Home,POINT (535871.3622524234 172385.7934279914),172385.7934279914,535871.3622524234,87194ad03ffffff,88194ad03bfffff,89194ad03a7ffff,E00016766,Y,E02000679
037FC3C8B311868053DCB0361086DF1D,2021-11-01 09:30:00,2021-11-01 09:30:00,1.933333333333333,E02000087,Others,POINT (549413.3354099346 173710.57830915443),173710.57830915443,549413.3354099346,87194e6dcffffff,88194e6dcbfffff,89194e6dca7ffff,E00002181,N,E02000679
037FC3C8B311868053DCB0361086DF1D,2021-11-01 10:00:00,2021-11-01 13:15:00,201.86666666666667,E02000087,Others,POINT (549257.2844232109 173733.0231673032),173733.0231673032,549257.2844232109,87194e6dcffffff,88194e6dcbfffff,89194e6dcafffff,E00002181,N,E02000679
037FC3C8B311868053DCB0361086DF1D,2021-11-01 14:00:00,2021-11-02 21:45:00,1904.35,E02000679,Home,POINT (535871.3622524234 172385.7934279914),172385.7934279914,535871.3622524234,87194ad03ffffff,88194ad03bfffff,89194ad03a7ffff,E00016766,Y,E02000679
037FC3C8B311868053DCB0361086DF1D,2021-11-02 22:15:00,2021-11-02 22:30:00,3.733333333333333,E02000645,Entertainment,POINT (532223.3019509226 172193.15092340743),172193.15092340743,532223.3019509226,87194ad1cffffff,88194ad1c7fffff,89194ad1c63ffff,E00015438,N,E02000679
037FC3C8B311868053DCB0361086DF1D,2021-11-02 22:30:00,2021-11-02 22:30:00,1.5166666666666666,E02000642,Entertainment,POINT (531996.4291050793 173603.26039335367),173603.26039335367,531996.4291050793,87194ad1cffffff,88194ad1cdfffff,89194ad1ccbffff,E00016009,N,E02000679
037FC3C8B311868053DCB0361086DF1D,2021-11-02 22:45:00,2021-11-03 10:00:00,678.5833333333334,E02000679,Home,POINT (535871.3622524234 172385.7934279914),172385.7934279914,535871.3622524234,87194ad03ffffff,88194ad03bfffff,89194ad03a7ffff,E00016766,Y,E02000679
037FC3C8B311868053DCB0361086DF1D,2021-11-03 12:00:00,2021-11-03 12:00:00,2.7666666666666666,E02000679,Eating and drinking,POINT (535806.5258007747 172544.90142705792),172544.90142705792,535806.5258007747,87194ad03ffffff,88194ad03bfffff,89194ad03a3ffff,E00016764,N,E02000679
037FC3C8B311868053DCB0361086DF1D,2021-11-03 12:45:00,2021-11-04 08:30:00,1190.6166666666666,E02000679,Home,POINT (535871.3622524234 172385.7934279914),172385.7934279914,535871.3622524234,87194ad03ffffff,88194ad03bfffff,89194ad03a7ffff,E00016766,Y,E02000679
037FC3C8B311868053DCB0361086DF1D,2021-11-04 09:30:00,2021-11-04 09:30:00,2.533333333333333,E02000827,Others,POINT (532379.7388789803 176897.91256181078),176897.91256181078,532379.7388789803,87194ad15ffffff,88194ad151fffff,89194ad1517ffff,E00177625,N,E02000679
037FC3C8B311868053DCB0361086DF1D,2021-11-04 10:00:00,2021-11-04 10:00:00,1.2,E02000977,Others,POINT (530208.0074281172 180599.4487166981),180599.4487166981,530208.0074281172,87194ad32ffffff,88195da49bfffff,89194ad324fffff,E00023934,N,E02000679
037FC3C8B311868053DCB0361086DF1D,2021-11-04 10:30:00,2021-11-04 12:45:00,139.85,E02000001,Work,POINT (532196.7494230303 181700.25854027065),181700.25854027065,532196.7494230303,87194ad36ffffff,88194ad363fffff,89194ad362fffff,E00000005,N,E02000679
037FC3C8B311868053DCB0361086DF1D,2021-11-04 13:45:00,2021-11-04 13:45:00,1.1166666666666667,E02006802,Others,POINT (531797.6944277588 179308.049341088),179308.049341088,531797.6944277588,87194ad33ffffff,88194ad335fffff,89194ad335bffff,E00019801,N,E02000679
037FC3C8B311868053DCB0361086DF1D,2021-11-04 14:15:00,2021-11-04 14:15:00,1.1666666666666667,E02000833,Others,POINT (533079.7857396824 175623.68917652263),175623.68917652263,533079.7857396824,87194ad02ffffff,88194ad02dfffff,89194ad02c3ffff,E00167514,N,E02000679
037FC3C8B311868053DCB0361086DF1D,2021-11-04 15:00:00,2021-11-05 22:00:00,1861.3,E02000679,Home,POINT (535871.3622524234 172385.7934279914),172385.7934279914,535871.3622524234,87194ad03ffffff,88194ad03bfffff,89194ad03a7ffff,E00016766,Y,E02000679
037FC3C8B311868053DCB0361086DF1D,2021-11-05 22:15:00,2021-11-05 22:15:00,1.0666666666666669,E02000633,Entertainment,POINT (530991.2856378212 175138.01284893695),175138.01284893695,530991.2856378212,87194ad11ffffff,88194ad11dfffff,89194ad11c7ffff,E00016043,N,E02000679
037FC3C8B311868053DCB0361086DF1D,2021-11-05 22:30:00,2021-11-05 22:30:00,1.5,E02000625,Others,POINT (529975.5307275341 176316.98296490812),176316.98296490812,529975.5307275341,87194ad10ffffff,88194ad101fffff,89194ad1007ffff,E00177673,N,E02000679
037FC3C8B311868053DCB0361086DF1D,2021-11-05 22:30:00,2021-11-05 22:30:00,1.1166666666666667,E02000625,Entertainment,POINT (529799.0071978965 176385.87294266766),176385.87294266766,529799.0071978965,87194ad10ffffff,88194ad101fffff,89194ad1003ffff,E00015588,N,E02000679
037FC3C8B311868053DCB0361086DF1D,2021-11-05 22:30:00,2021-11-06 01:15:00,166.8,E02000624,Others,POINT (531150.3564238481 176793.13925343752),176793.13925343752,531150.3564238481,87194ad15ffffff,88194ad155fffff,89194ad1543ffff,E00016090,N,E02000679
037FC3C8B311868053DCB0361086DF1D,2021-11-06 02:15:00,2021-11-06 08:45:00,399.3333333333333,E02000679,Home,POINT (535871.3622524234 172385.7934279914),172385.7934279914,535871.3622524234,87194ad03ffffff,88194ad03bfffff,89194ad03a7ffff,E00016766,Y,E02000679
037FC3C8B311868053DCB0361086DF1D,2021-11-06 09:15:00,2021-11-06 09:15:00,1.1333333333333333,E02000687,Others,POINT (535978.1538210204 171469.95666977766),171469.95666977766,535978.1538210204,87194ad0effffff,88194ad0edfffff,89194ad0ecfffff,E00016863,N,E02000679
037FC3C8B311868053DCB0361086DF1D,2021-11-06 09:45:00,2021-11-06 09:45:00,1.3166666666666669,E02000217,Others,POINT (531572.8379304154 165068.12994207806),165068.12994207806,531572.8379304154,87194ac22ffffff,88194ac22dfffff,89194ac22c3ffff,E00005821,N,E02000679
037FC3C8B311868053DCB0361086DF1D,2021-11-06 09:45:00,2021-11-06 10:15:00,29.133333333333333,E02000221,Others,POINT (531512.7502943986 164243.48444878787),164243.48444878787,531512.7502943986,87194ac22ffffff,88194ac221fffff,89194ac220bffff,E00005837,N,E02000679
037FC3C8B311868053DCB0361086DF1D,2021-11-06 11:00:00,2021-11-06 11:30:00,21.83333333333333,E02000681,Shopping_2,POINT (537254.0525349227 172254.32053925234),172254.32053925234,537254.0525349227,87194ad01ffffff,88194ad013fffff,89194ad012bffff,E00016128,N,E02000679
037FC3C8B311868053DCB0361086DF1D,2021-11-06 12:30:00,2021-11-06 13:00:00,20.2,E02000828,Eating and drinking,POINT (534335.4133785935 176858.65030582488),176858.65030582488,534335.4133785935,87194ad06ffffff,88194ad061fffff,89194ad0607ffff,E00020201,N,E02000679
037FC3C8B311868053DCB0361086DF1D,2021-11-06 13:45:00,2021-11-06 23:15:00,563.3333333333334,E02000679,Home,POINT (535871.3622524234 172385.7934279914),172385.7934279914,535871.3622524234,87194ad03ffffff,88194ad03bfffff,89194ad03a7ffff,E00016766,Y,E02000679
037FC3C8B311868053DCB0361086DF1D,2021-11-07 00:00:00,2021-11-07 03:15:00,185.25,E02000657,Eating and drinking,POINT (536804.3339797078 176759.1939024012),176759.1939024012,536804.3339797078,87194ad04ffffff,88194ad043fffff,89194ad0433ffff,E00016209,N,E02000679
037FC3C8B311868053DCB0361086DF1D,2021-11-07 09:15:00,2021-11-07 20:15:00,662.4666666666667,E02000679,Home,POINT (535871.3622524234 172385.7934279914),172385.7934279914,535871.3622524234,87194ad03ffffff,88194ad03bfffff,89194ad03a7ffff,E00016766,Y,E02000679
037FC3C8B311868053DCB0361086DF1D,2021-11-07 21:15:00,2021-11-07 23:45:00,140.06666666666666,E02000657,Eating and drinking,POINT (536846.6977133773 176696.7095413775),176696.7095413775,536846.6977133773,87194ad04ffffff,88194ad043fffff,89194ad0433ffff,E00016209,N,E02000679
03A366EFDD7E0B5B12070F8CFE083B2A,2021-11-01 00:15:00,2021-11-02 15:00:00,2320.65,E02000577,Home,POINT (524395.6788717565 182019.91258886555),182019.91258886555,524395.6788717565,87195da4affffff,88195da4a7fffff,89195da4a7bffff,E00014321,Y,E02000577
03A366EFDD7E0B5B12070F8CFE083B2A,2021-11-02 15:15:00,2021-11-02 18:30:00,204.15,E02000577,Home,POINT (524395.6788717565 182019.91258886555),182019.91258886555,524395.6788717565,87195da4affffff,88195da4a7fffff,89195da4a7bffff,E00014321,Y,E02000577
03A366EFDD7E0B5B12070F8CFE083B2A,2021-11-02 18:45:00,2021-11-02 18:45:00,1.5,E02000577,Others,POINT (524003.3143700032 181992.5851569847),181992.5851569847,524003.3143700032,87195da59ffffff,88195da59bfffff,89195da59a3ffff,E00014626,N,E02000577
03A366EFDD7E0B5B12070F8CFE083B2A,2021-11-02 18:45:00,2021-11-03 15:00:00,1206.2333333333331,E02000577,Home,POINT (524395.6788717565 182019.91258886555),182019.91258886555,524395.6788717565,87195da4affffff,88195da4a7fffff,89195da4a7bffff,E00014321,Y,E02000577
03A366EFDD7E0B5B12070F8CFE083B2A,2021-11-03 16:00:00,2021-11-03 16:15:00,12.416666666666666,E02000376,Others,POINT (522910.24309477024 179780.04326589775),179780.04326589775,522910.24309477024,87194ada6ffffff,88194ada6bfffff,89194ada6abffff,E00009724,N,E02000577
03A366EFDD7E0B5B12070F8CFE083B2A,2021-11-03 16:30:00,2021-11-03 17:45:00,70.31666666666666,E02000577,Home,POINT (524395.6788717565 182019.91258886555),182019.91258886555,524395.6788717565,87195da4affffff,88195da4a7fffff,89195da4a7bffff,E00014321,Y,E02000577
03A366EFDD7E0B5B12070F8CFE083B2A,2021-11-03 19:15:00,2021-11-04 15:00:00,1184.6,E02000577,Home,POINT (524395.6788717565 182019.91258886555),182019.91258886555,524395.6788717565,87195da4affffff,88195da4a7fffff,89195da4a7bffff,E00014321,Y,E02000577
03A366EFDD7E0B5B12070F8CFE083B2A,2021-11-04 18:00:00,2021-11-04 18:00:00,2.6666666666666665,E02000578,Others,POINT (523454.52091774973 182001.62166063854),182001.6216606385,523454.5209177497,87195da59ffffff,88195da591fffff,89195da5917ffff,E00014620,N,E02000577
03A366EFDD7E0B5B12070F8CFE083B2A,2021-11-04 18:15:00,2021-11-04 19:30:00,67.78333333333333,E02000577,Home,POINT (524395.6788717565 182019.91258886555),182019.91258886555,524395.6788717565,87195da4affffff,88195da4a7fffff,89195da4a7bffff,E00014321,Y,E02000577
03A366EFDD7E0B5B12070F8CFE083B2A,2021-11-04 20:45:00,2021-11-05 13:30:00,1006.0,E02000577,Home,POINT (524395.6788717565 182019.91258886555),182019.91258886555,524395.6788717565,87195da4affffff,88195da4a7fffff,89195da4a7bffff,E00014321,Y,E02000577
03A366EFDD7E0B5B12070F8CFE083B2A,2021-11-05 15:00:00,2021-11-05 15:15:00,5.9,E02000577,Home,POINT (524395.6788717565 182019.91258886555),182019.91258886555,524395.6788717565,87195da4affffff,88195da4a7fffff,89195da4a7bffff,E00014321,Y,E02000577
03A366EFDD7E0B5B12070F8CFE083B2A,2021-11-05 15:45:00,2021-11-05 15:45:00,1.05,E02000591,Others,POINT (525257.799618602 178701.6390895429),178701.6390895429,525257.799618602,87194ada5ffffff,88194ada55fffff,89194ada553ffff,E00190369,N,E02000577
03A366EFDD7E0B5B12070F8CFE083B2A,2021-11-05 16:00:00,2021-11-05 16:00:00,1.5166666666666666,E02000395,Others,POINT (524366.34356351 176102.76354263115),176102.76354263115,524366.34356351,87194ada1ffffff,88194ada15fffff,89194ada14fffff,E00009605,N,E02000577
03A366EFDD7E0B5B12070F8CFE083B2A,2021-11-05 16:00:00,2021-11-05 16:15:00,5.316666666666666,E02000395,Others,POINT (524193.2532399833 176350.05599151267),176350.0559915127,524193.2532399833,87194ada1ffffff,88194ada15fffff,89194ada14bffff,E00009602,N,E02000577
03A366EFDD7E0B5B12070F8CFE083B2A,2021-11-05 16:15:00,2021-11-05 16:15:00,1.3333333333333333,E02000932,Shopping_2,POINT (524630.0734653587 174875.987559827),174875.987559827,524630.0734653587,87194adaeffffff,88194adaedfffff,89194adaed7ffff,E00022635,N,E02000577
03A366EFDD7E0B5B12070F8CFE083B2A,2021-11-05 16:30:00,2021-11-05 16:30:00,3.816666666666667,E02000933,Others,POINT (523300.52513723966 175022.5274751407),175022.5274751407,523300.52513723966,87194ada3ffffff,88194ada33fffff,89194ada323ffff,E00023410,N,E02000577
03A366EFDD7E0B5B12070F8CFE083B2A,2021-11-05 16:30:00,2021-11-05 16:45:00,2.283333333333333,E02000933,Entertainment,POINT (523282.8531212691 174906.3141815535),174906.3141815535,523282.8531212691,87194ada3ffffff,88194ada33fffff,89194ada323ffff,E00023370,N,E02000577
03A366EFDD7E0B5B12070F8CFE083B2A,2021-11-05 16:45:00,2021-11-05 16:45:00,1.5333333333333334,E02000933,Others,POINT (522862.2645091469 175133.19248915924),175133.19248915924,522862.2645091469,87194ada3ffffff,88194ada37fffff,89194ada377ffff,E00023409,N,E02000577
03A366EFDD7E0B5B12070F8CFE083B2A,2021-11-05 19:00:00,2021-11-05 19:15:00,6.383333333333334,E02000580,Entertainment,POINT (524538.9166650004 181290.83146084423),181290.83146084423,524538.9166650004,87194ada4ffffff,88195da4a7fffff,89195da4a6fffff,E00014169,N,E02000577
03A366EFDD7E0B5B12070F8CFE083B2A,2021-11-05 19:30:00,2021-11-06 17:00:00,1292.4666666666667,E02000577,Home,POINT (524395.6788717565 182019.91258886555),182019.91258886555,524395.6788717565,87195da4affffff,88195da4a7fffff,89195da4a7bffff,E00014321,Y,E02000577
03A366EFDD7E0B5B12070F8CFE083B2A,2021-11-06 17:15:00,2021-11-06 20:00:00,161.05,E02000577,Home,POINT (524395.6788717565 182019.91258886555),182019.91258886555,524395.6788717565,87195da4affffff,88195da4a7fffff,89195da4a7bffff,E00014321,Y,E02000577
03A366EFDD7E0B5B12070F8CFE083B2A,2021-11-06 20:30:00,2021-11-07 10:00:00,810.5666666666667,E02000577,Home,POINT (524395.6788717565 182019.91258886555),182019.91258886555,524395.6788717565,87195da4affffff,88195da4a7fffff,89195da4a7bffff,E00014321,Y,E02000577
03A366EFDD7E0B5B12070F8CFE083B2A,2021-11-07 10:15:00,2021-11-07 10:15:00,11.366666666666667,E02000577,Others,POINT (524457.7761648076 182027.06942548664),182027.06942548664,524457.7761648076,87195da4affffff,88195da4a7fffff,89195da4a7bffff,E00014321,N,E02000577
03A366EFDD7E0B5B12070F8CFE083B2A,2021-11-07 10:45:00,2021-11-07 18:30:00,464.85,E02000577,Home,POINT (524395.6788717565 182019.91258886555),182019.91258886555,524395.6788717565,87195da4affffff,88195da4a7fffff,89195da4a7bffff,E00014321,Y,E02000577
03A366EFDD7E0B5B12070F8CFE083B2A,2021-11-07 19:45:00,2021-11-08 12:45:00,1012.0666666666668,E02000577,Home,POINT (524395.6788717565 182019.91258886555),182019.91258886555,524395.6788717565,87195da4affffff,88195da4a7fffff,89195da4a7bffff,E00014321,Y,E02000577
0620CAC8750FE458EFF2673812DAA830,2021-11-01 00:00:00,2021-11-01 02:45:00,161.46666666666667,E02000001,Work,POINT (532223.3087809815 181737.2846836294),181737.2846836294,532223.3087809815,87194ad36ffffff,88194ad363fffff,89194ad362fffff,E00190429,N,E02000675
0620CAC8750FE458EFF2673812DAA830,2021-11-01 03:00:00,2021-11-01 03:15:00,19.1,E02000001,Entertainment,POINT (532296.616367389 181602.20140121688),181602.20140121688,532296.616367389,87194ad30ffffff,88194ad305fffff,89194ad305bffff,E00000021,N,E02000675
0620CAC8750FE458EFF2673812DAA830,2021-11-01 03:30:00,2021-11-01 03:45:00,19.73333333333333,E02000001,Work,POINT (532223.3087809815 181737.2846836294),181737.2846836294,532223.3087809815,87194ad36ffffff,88194ad363fffff,89194ad362fffff,E00190429,N,E02000675
0620CAC8750FE458EFF2673812DAA830,2021-11-01 04:00:00,2021-11-01 04:45:00,44.96666666666667,E02000001,Entertainment,POINT (532178.3150817648 181686.91399945525),181686.91399945525,532178.3150817648,87194ad36ffffff,88194ad363fffff,89194ad362fffff,E00000005,N,E02000675
0620CAC8750FE458EFF2673812DAA830,2021-11-01 05:00:00,2021-11-01 06:30:00,91.68333333333334,E02000001,Work,POINT (532223.3087809815 181737.2846836294),181737.2846836294,532223.3087809815,87194ad36ffffff,88194ad363fffff,89194ad362fffff,E00190429,N,E02000675
0620CAC8750FE458EFF2673812DAA830,2021-11-01 07:45:00,2021-11-02 07:45:00,1445.75,E02000675,Home,POINT (540389.7596383314 173209.08595244045),173209.08595244045,540389.7596383314,87194ad2affffff,88194ad2abfffff,89194ad2aa3ffff,E00016508,Y,E02000675
0620CAC8750FE458EFF2673812DAA830,2021-11-02 09:00:00,2021-11-02 14:00:00,288.8,E02000675,Home,POINT (540389.7596383314 173209.08595244045),173209.08595244045,540389.7596383314,87194ad2affffff,88194ad2abfffff,89194ad2aa3ffff,E00016508,Y,E02000675
0620CAC8750FE458EFF2673812DAA830,2021-11-02 14:15:00,2021-11-02 14:30:00,13.533333333333331,E02000140,Others,POINT (546711.0557390216 169900.03417491974),169900.03417491974,546711.0557390216,87194e6dbffffff,88194e6db1fffff,89194e6db0bffff,E00003548,N,E02000675
0620CAC8750FE458EFF2673812DAA830,2021-11-02 15:00:00,2021-11-03 07:45:00,1008.0333333333332,E02000675,Home,POINT (540389.7596383314 173209.08595244045),173209.08595244045,540389.7596383314,87194ad2affffff,88194ad2abfffff,89194ad2aa3ffff,E00016508,Y,E02000675
0620CAC8750FE458EFF2673812DAA830,2021-11-03 08:30:00,2021-11-03 08:45:00,10.5,E02000145,Eating and drinking,POINT (547427.2818205475 168492.42099623565),168492.42099623565,547427.2818205475,87194ad66ffffff,88194ad665fffff,89194ad665bffff,E00003507,N,E02000675
0620CAC8750FE458EFF2673812DAA830,2021-11-03 09:00:00,2021-11-03 09:15:00,10.65,E02000145,Shopping_2,POINT (547355.8969349398 167957.57440967255),167957.57440967255,547355.8969349398,87194ad66ffffff,88194ad665fffff,89194ad664fffff,E00003517,N,E02000675
0620CAC8750FE458EFF2673812DAA830,2021-11-03 09:45:00,2021-11-03 14:15:00,259.15,E02000675,Home,POINT (540389.7596383314 173209.08595244045),173209.08595244045,540389.7596383314,87194ad2affffff,88194ad2abfffff,89194ad2aa3ffff,E00016508,Y,E02000675
0620CAC8750FE458EFF2673812DAA830,2021-11-03 14:30:00,2021-11-03 14:45:00,14.95,E02000140,Others,POINT (546663.8534219152 169359.9705049018),169359.9705049018,546663.8534219152,87194e6dbffffff,88194e6db7fffff,89194e6db77ffff,E00003584,N,E02000675
0620CAC8750FE458EFF2673812DAA830,2021-11-03 15:15:00,2021-11-04 17:00:00,1553.0666666666666,E02000675,Home,POINT (540389.7596383314 173209.08595244045),173209.08595244045,540389.7596383314,87194ad2affffff,88194ad2abfffff,89194ad2aa3ffff,E00016508,Y,E02000675
0620CAC8750FE458EFF2673812DAA830,2021-11-04 18:00:00,2021-11-04 18:30:00,32.81666666666667,E02000001,Work,POINT (532223.3087809815 181737.2846836294),181737.2846836294,532223.3087809815,87194ad36ffffff,88194ad363fffff,89194ad362fffff,E00190429,N,E02000675
0620CAC8750FE458EFF2673812DAA830,2021-11-04 18:45:00,2021-11-04 19:45:00,59.21666666666667,E02000001,Entertainment,POINT (531910.8211716565 181850.62093779363),181850.62093779363,531910.8211716565,87194ad36ffffff,88194ad329fffff,89194ad3293ffff,E00013430,N,E02000675
0620CAC8750FE458EFF2673812DAA830,2021-11-04 20:00:00,2021-11-05 00:45:00,289.43333333333334,E02000001,Work,POINT (532223.3087809815 181737.2846836294),181737.2846836294,532223.3087809815,87194ad36ffffff,88194ad363fffff,89194ad362fffff,E00190429,N,E02000675
0620CAC8750FE458EFF2673812DAA830,2021-11-05 01:00:00,2021-11-05 01:30:00,20.016666666666666,E02000001,Work,POINT (532223.3087809815 181737.2846836294),181737.2846836294,532223.3087809815,87194ad36ffffff,88194ad363fffff,89194ad362fffff,E00190429,N,E02000675
0620CAC8750FE458EFF2673812DAA830,2021-11-05 01:45:00,2021-11-05 02:45:00,59.78333333333333,E02000001,Entertainment,POINT (532294.2795731064 181671.50522784886),181671.5052278489,532294.2795731064,87194ad36ffffff,88194ad363fffff,89194ad362fffff,E00000018,N,E02000675
0620CAC8750FE458EFF2673812DAA830,2021-11-05 03:15:00,2021-11-05 06:45:00,213.2333333333333,E02000001,Work,POINT (532223.3087809815 181737.2846836294),181737.2846836294,532223.3087809815,87194ad36ffffff,88194ad363fffff,89194ad362fffff,E00190429,N,E02000675
0620CAC8750FE458EFF2673812DAA830,2021-11-05 08:00:00,2021-11-06 05:15:00,1271.6333333333334,E02000675,Home,POINT (540389.7596383314 173209.08595244045),173209.08595244045,540389.7596383314,87194ad2affffff,88194ad2abfffff,89194ad2aa3ffff,E00016508,Y,E02000675
0620CAC8750FE458EFF2673812DAA830,2021-11-06 06:00:00,2021-11-06 07:45:00,108.5,E02000001,Work,POINT (532223.3087809815 181737.2846836294),181737.2846836294,532223.3087809815,87194ad36ffffff,88194ad363fffff,89194ad362fffff,E00190429,N,E02000675
0620CAC8750FE458EFF2673812DAA830,2021-11-06 08:15:00,2021-11-06 08:30:00,10.366666666666667,E02000001,Work,POINT (532223.3087809815 181737.2846836294),181737.2846836294,532223.3087809815,87194ad36ffffff,88194ad363fffff,89194ad362fffff,E00190429,N,E02000675
0620CAC8750FE458EFF2673812DAA830,2021-11-06 08:30:00,2021-11-06 08:45:00,14.85,E02000001,Eating and drinking,POINT (532304.746085367 181885.0340545686),181885.0340545686,532304.746085367,87194ad36ffffff,88194ad363fffff,89194ad362fffff,E00000018,N,E02000675
0620CAC8750FE458EFF2673812DAA830,2021-11-06 09:00:00,2021-11-06 09:15:00,19.016666666666666,E02000001,Work,POINT (532223.3087809815 181737.2846836294),181737.2846836294,532223.3087809815,87194ad36ffffff,88194ad363fffff,89194ad362fffff,E00190429,N,E02000675
0620CAC8750FE458EFF2673812DAA830,2021-11-06 09:30:00,2021-11-06 09:45:00,10.933333333333334,E02000001,Entertainment,POINT (532012.0632750372 181797.67323397045),181797.67323397045,532012.0632750372,87194ad36ffffff,88194ad329fffff,89194ad3293ffff,E00190407,N,E02000675
0620CAC8750FE458EFF2673812DAA830,2021-11-06 10:00:00,2021-11-06 11:45:00,100.5,E02000001,Work,POINT (532223.3087809815 181737.2846836294),181737.2846836294,532223.3087809815,87194ad36ffffff,88194ad363fffff,89194ad362fffff,E00190429,N,E02000675
0620CAC8750FE458EFF2673812DAA830,2021-11-06 12:00:00,2021-11-06 13:00:00,57.7,E02000001,Work,POINT (532223.3087809815 181737.2846836294),181737.2846836294,532223.3087809815,87194ad36ffffff,88194ad363fffff,89194ad362fffff,E00190429,N,E02000675
0620CAC8750FE458EFF2673812DAA830,2021-11-06 13:15:00,2021-11-06 13:45:00,38.833333333333336,E02000001,Entertainment,POINT (531904.8716523087 181762.3677681126),181762.3677681126,531904.8716523087,87194ad32ffffff,88194ad329fffff,89194ad3293ffff,E00190407,N,E02000675
0620CAC8750FE458EFF2673812DAA830,2021-11-06 14:00:00,2021-11-06 16:00:00,113.15,E02000001,Work,POINT (532223.3087809815 181737.2846836294),181737.2846836294,532223.3087809815,87194ad36ffffff,88194ad363fffff,89194ad362fffff,E00190429,N,E02000675
0620CAC8750FE458EFF2673812DAA830,2021-11-06 16:00:00,2021-11-06 16:15:00,11.716666666666669,E02000001,Entertainment,POINT (532712.3958652327 181655.7505958637),181655.7505958637,532712.3958652327,87194ad30ffffff,88194ad305fffff,89194ad3053ffff,E00166755,N,E02000675
0620CAC8750FE458EFF2673812DAA830,2021-11-06 16:15:00,2021-11-06 18:00:00,100.93333333333334,E02000001,Work,POINT (532223.3087809815 181737.2846836294),181737.2846836294,532223.3087809815,87194ad36ffffff,88194ad363fffff,89194ad362fffff,E00190429,N,E02000675
0620CAC8750FE458EFF2673812DAA830,2021-11-06 18:00:00,2021-11-06 18:30:00,19.73333333333333,E02000001,Entertainment,POINT (532133.2209032682 181646.03128794138),181646.03128794135,532133.2209032682,87194ad32ffffff,88194ad329fffff,89194ad3297ffff,E00000007,N,E02000675
0620CAC8750FE458EFF2673812DAA830,2021-11-06 18:30:00,2021-11-06 18:45:00,14.85,E02000001,Work,POINT (532223.3087809815 181737.2846836294),181737.2846836294,532223.3087809815,87194ad36ffffff,88194ad363fffff,89194ad362fffff,E00190429,N,E02000675
0620CAC8750FE458EFF2673812DAA830,2021-11-06 19:45:00,2021-11-07 05:15:00,574.5333333333333,E02000675,Home,POINT (540389.7596383314 173209.08595244045),173209.08595244045,540389.7596383314,87194ad2affffff,88194ad2abfffff,89194ad2aa3ffff,E00016508,Y,E02000675
0620CAC8750FE458EFF2673812DAA830,2021-11-07 06:00:00,2021-11-07 06:15:00,10.85,E02000001,Work,POINT (532223.3087809815 181737.2846836294),181737.2846836294,532223.3087809815,87194ad36ffffff,88194ad363fffff,89194ad362fffff,E00190429,N,E02000675
0620CAC8750FE458EFF2673812DAA830,2021-11-07 06:45:00,2021-11-07 09:15:00,152.68333333333334,E02000001,Work,POINT (532223.3087809815 181737.2846836294),181737.2846836294,532223.3087809815,87194ad36ffffff,88194ad363fffff,89194ad362fffff,E00190429,N,E02000675
0620CAC8750FE458EFF2673812DAA830,2021-11-07 09:30:00,2021-11-07 09:45:00,2.0166666666666666,E02000001,Entertainment,POINT (531917.8480472332 181576.73611229475),181576.73611229475,531917.8480472332,87194ad32ffffff,88194ad329fffff,89194ad3283ffff,E00190440,N,E02000675
0620CAC8750FE458EFF2673812DAA830,2021-11-07 10:00:00,2021-11-07 10:30:00,19.016666666666666,E02000001,Work,POINT (532223.3087809815 181737.2846836294),181737.2846836294,532223.3087809815,87194ad36ffffff,88194ad363fffff,89194ad362fffff,E00190429,N,E02000675
0620CAC8750FE458EFF2673812DAA830,2021-11-07 11:00:00,2021-11-07 13:45:00,161.9,E02000001,Work,POINT (532223.3087809815 181737.2846836294),181737.2846836294,532223.3087809815,87194ad36ffffff,88194ad363fffff,89194ad362fffff,E00190429,N,E02000675
0620CAC8750FE458EFF2673812DAA830,2021-11-07 13:45:00,2021-11-07 14:45:00,54.15,E02000001,Entertainment,POINT (532464.0235651616 181657.05338529477),181657.0533852948,532464.0235651616,87194ad30ffffff,88194ad305fffff,89194ad305bffff,E00000021,N,E02000675
0620CAC8750FE458EFF2673812DAA830,2021-11-07 15:00:00,2021-11-07 16:45:00,103.75,E02000001,Work,POINT (532223.3087809815 181737.2846836294),181737.2846836294,532223.3087809815,87194ad36ffffff,88194ad363fffff,89194ad362fffff,E00190429,N,E02000675
0620CAC8750FE458EFF2673812DAA830,2021-11-07 17:45:00,2021-11-07 19:00:00,75.13333333333334,E02000001,Work,POINT (532223.3087809815 181737.2846836294),181737.2846836294,532223.3087809815,87194ad36ffffff,88194ad363fffff,89194ad362fffff,E00190429,N,E02000675
0620CAC8750FE458EFF2673812DAA830,2021-11-07 19:45:00,2021-11-08 17:00:00,1278.8333333333333,E02000675,Home,POINT (540389.7596383314 173209.08595244045),173209.08595244045,540389.7596383314,87194ad2affffff,88194ad2abfffff,89194ad2aa3ffff,E00016508,Y,E02000675
01FAB823FDFE177E3C1FBE14566A676C,2021-11-01 01:00:00,2021-11-01 12:45:00,703.85,E02000863,Home,POINT (528992.9695947986 162210.7581635644),162210.7581635644,528992.9695947986,87194ac06ffffff,88194ac061fffff,89194ac0613ffff,E00020667,Y,E02000863
01FAB823FDFE177E3C1FBE14566A676C,2021-11-01 22:30:00,2021-11-02 05:00:00,376.81666666666666,E02000863,Home,POINT (528992.9695947986 162210.7581635644),162210.7581635644,528992.9695947986,87194ac06ffffff,88194ac061fffff,89194ac0613ffff,E00020667,Y,E02000863
01FAB823FDFE177E3C1FBE14566A676C,2021-11-02 13:45:00,2021-11-03 13:30:00,1425.9333333333334,E02000863,Home,POINT (528992.9695947986 162210.7581635644),162210.7581635644,528992.9695947986,87194ac06ffffff,88194ac061fffff,89194ac0613ffff,E00020667,Y,E02000863
01FAB823FDFE177E3C1FBE14566A676C,2021-11-03 13:45:00,2021-11-03 13:45:00,1.6166666666666667,E02000221,Shopping_2,POINT (531515.6309058092 164088.74731023257),164088.74731023255,531515.6309058092,87194ac22ffffff,88194ac227fffff,89194ac2273ffff,E00005819,N,E02000863
01FAB823FDFE177E3C1FBE14566A676C,2021-11-03 15:15:00,2021-11-03 15:30:00,20.45,E02000723,Shopping_2,POINT (542531.9074617297 184627.2308482344),184627.2308482344,542531.9074617297,87194e688ffffff,88194e6885fffff,89194e68853ffff,E00017839,N,E02000863
01FAB823FDFE177E3C1FBE14566A676C,2021-11-03 15:45:00,2021-11-03 15:45:00,2.15,E02000723,Others,POINT (542555.6421125168 184650.48152301004),184650.48152301004,542555.6421125168,87194e688ffffff,88194e6885fffff,89194e68853ffff,E00017841,N,E02000863
01FAB823FDFE177E3C1FBE14566A676C,2021-11-03 16:15:00,2021-11-03 16:15:00,3.566666666666667,E02000731,Others,POINT (542315.7581880495 183839.10992299364),183839.10992299364,542315.7581880495,87194e688ffffff,88194e6885fffff,89194e6887bffff,E00017801,N,E02000863
01FAB823FDFE177E3C1FBE14566A676C,2021-11-03 16:15:00,2021-11-03 16:15:00,3.866666666666666,E02000731,Shopping_2,POINT (542308.7876250574 183448.3939779782),183448.3939779782,542308.7876250574,87194e688ffffff,88194e6887fffff,89194e6886bffff,E00017814,N,E02000863
01FAB823FDFE177E3C1FBE14566A676C,2021-11-03 17:00:00,2021-11-03 18:15:00,70.68333333333334,E02000731,Others,POINT (542371.3244957138 183611.22119652244),183611.22119652244,542371.3244957138,87194e688ffffff,88194e6887fffff,89194e6887bffff,E00017814,N,E02000863
01FAB823FDFE177E3C1FBE14566A676C,2021-11-03 18:45:00,2021-11-03 18:45:00,1.0666666666666669,E02000747,Others,POINT (540249.5026547911 181302.66894403085),181302.66894403083,540249.5026547911,87194ad24ffffff,88194ad241fffff,89194ad243bffff,E00175084,N,E02000863
01FAB823FDFE177E3C1FBE14566A676C,2021-11-03 18:45:00,2021-11-03 18:45:00,1.85,E02007112,Others,POINT (538937.7661122867 180777.15128223033),180777.15128223036,538937.7661122867,87194ad26ffffff,88194ad20dfffff,89194ad20dbffff,E00167126,N,E02000863
01FAB823FDFE177E3C1FBE14566A676C,2021-11-03 19:00:00,2021-11-03 19:00:00,1.5166666666666666,E02007113,Others,POINT (538331.0877299501 180636.62193069034),180636.62193069037,538331.0877299501,87194ad26ffffff,88194ad263fffff,89194ad2623ffff,E00183866,N,E02000863
01FAB823FDFE177E3C1FBE14566A676C,2021-11-03 19:15:00,2021-11-03 19:15:00,1.2833333333333334,E02000682,Others,POINT (539006.9718097958 172104.18063847043),172104.18063847045,539006.9718097958,87194ad0cffffff,88194ad0c9fffff,89194ad0c9bffff,E00016930,N,E02000863
01FAB823FDFE177E3C1FBE14566A676C,2021-11-03 20:15:00,2021-11-04 11:00:00,886.4666666666667,E02000863,Home,POINT (528992.9695947986 162210.7581635644),162210.7581635644,528992.9695947986,87194ac06ffffff,88194ac061fffff,89194ac0613ffff,E00020667,Y,E02000863
01FAB823FDFE177E3C1FBE14566A676C,2021-11-04 23:00:00,2021-11-05 10:15:00,680.3,E02000863,Home,POINT (528992.9695947986 162210.7581635644),162210.7581635644,528992.9695947986,87194ac06ffffff,88194ac061fffff,89194ac0613ffff,E00020667,Y,E02000863
01FAB823FDFE177E3C1FBE14566A676C,2021-11-05 20:45:00,2021-11-06 12:00:00,917.6,E02000863,Home,POINT (528992.9695947986 162210.7581635644),162210.7581635644,528992.9695947986,87194ac06ffffff,88194ac061fffff,89194ac0613ffff,E00020667,Y,E02000863
01FAB823FDFE177E3C1FBE14566A676C,2021-11-06 22:30:00,2021-11-07 06:30:00,479.4,E02000863,Home,POINT (528992.9695947986 162210.7581635644),162210.7581635644,528992.9695947986,87194ac06ffffff,88194ac061fffff,89194ac0613ffff,E00020667,Y,E02000863
01FAB823FDFE177E3C1FBE14566A676C,2021-11-07 17:15:00,2021-11-07 17:15:00,3.433333333333333,E02000863,Home,POINT (528992.9695947986 162210.7581635644),162210.7581635644,528992.9695947986,87194ac06ffffff,88194ac061fffff,89194ac0613ffff,E00020667,Y,E02000863
01FAB823FDFE177E3C1FBE14566A676C,2021-11-07 17:45:00,2021-11-08 13:30:00,1187.7833333333333,E02000863,Home,POINT (528992.9695947986 162210.7581635644),162210.7581635644,528992.9695947986,87194ac06ffffff,88194ac061fffff,89194ac0613ffff,E00020667,Y,E02000863
04DC72DD72A2BE8A6E6F95299BFCA24A,2021-11-01 00:30:00,2021-11-01 07:30:00,428.95,E02000570,Home,POINT (531191.8400908255 184177.0328870935),184177.0328870935,531191.8400908255,87195da6bffffff,88195da6b3fffff,89195da6b37ffff,E00013405,Y,E02000570
04DC72DD72A2BE8A6E6F95299BFCA24A,2021-11-01 08:30:00,2021-11-01 14:00:00,339.43333333333334,E02000193,Work,POINT (530270.7152296795 181540.84978241212),181540.8497824121,530270.7152296795,87194ad32ffffff,88195da4d3fffff,89195da4d27ffff,E00004560,N,E02000570
04DC72DD72A2BE8A6E6F95299BFCA24A,2021-11-01 14:15:00,2021-11-01 17:30:00,196.61666666666667,E02000193,Work,POINT (530270.7152296795 181540.84978241212),181540.8497824121,530270.7152296795,87194ad32ffffff,88195da4d3fffff,89195da4d27ffff,E00004560,N,E02000570
04DC72DD72A2BE8A6E6F95299BFCA24A,2021-11-01 19:30:00,2021-11-02 07:30:00,729.5833333333334,E02000570,Home,POINT (531191.8400908255 184177.0328870935),184177.0328870935,531191.8400908255,87195da6bffffff,88195da6b3fffff,89195da6b37ffff,E00013405,Y,E02000570
04DC72DD72A2BE8A6E6F95299BFCA24A,2021-11-02 08:45:00,2021-11-02 12:15:00,213.78333333333333,E02000193,Work,POINT (530270.7152296795 181540.84978241212),181540.8497824121,530270.7152296795,87194ad32ffffff,88195da4d3fffff,89195da4d27ffff,E00004560,N,E02000570
04DC72DD72A2BE8A6E6F95299BFCA24A,2021-11-02 17:00:00,2021-11-02 18:30:00,95.5,E02000193,Work,POINT (530270.7152296795 181540.84978241212),181540.8497824121,530270.7152296795,87194ad32ffffff,88195da4d3fffff,89195da4d27ffff,E00004560,N,E02000570
04DC72DD72A2BE8A6E6F95299BFCA24A,2021-11-02 19:00:00,2021-11-03 07:30:00,749.7666666666667,E02000570,Home,POINT (531191.8400908255 184177.0328870935),184177.0328870935,531191.8400908255,87195da6bffffff,88195da6b3fffff,89195da6b37ffff,E00013405,Y,E02000570
04DC72DD72A2BE8A6E6F95299BFCA24A,2021-11-03 08:30:00,2021-11-03 11:00:00,154.4,E02000193,Work,POINT (530270.7152296795 181540.84978241212),181540.8497824121,530270.7152296795,87194ad32ffffff,88195da4d3fffff,89195da4d27ffff,E00004560,N,E02000570
04DC72DD72A2BE8A6E6F95299BFCA24A,2021-11-03 11:45:00,2021-11-03 13:00:00,80.03333333333333,E02000193,Work,POINT (530270.7152296795 181540.84978241212),181540.8497824121,530270.7152296795,87194ad32ffffff,88195da4d3fffff,89195da4d27ffff,E00004560,N,E02000570
04DC72DD72A2BE8A6E6F95299BFCA24A,2021-11-03 13:30:00,2021-11-03 14:45:00,74.55,E02000193,Work,POINT (530270.7152296795 181540.84978241212),181540.8497824121,530270.7152296795,87194ad32ffffff,88195da4d3fffff,89195da4d27ffff,E00004560,N,E02000570
04DC72DD72A2BE8A6E6F95299BFCA24A,2021-11-03 15:00:00,2021-11-04 01:00:00,603.75,E02007115,Others,POINT (530304.7200836242 182574.30947788552),182574.30947788552,530304.7200836242,87195da4dffffff,88195da4dbfffff,89195da4dabffff,E00004646,N,E02000570
04DC72DD72A2BE8A6E6F95299BFCA24A,2021-11-04 05:45:00,2021-11-04 06:45:00,58.4,E02000193,Work,POINT (530270.7152296795 181540.84978241212),181540.8497824121,530270.7152296795,87194ad32ffffff,88195da4d3fffff,89195da4d27ffff,E00004560,N,E02000570
04DC72DD72A2BE8A6E6F95299BFCA24A,2021-11-04 07:15:00,2021-11-04 12:45:00,337.53333333333336,E02000193,Work,POINT (530270.7152296795 181540.84978241212),181540.8497824121,530270.7152296795,87194ad32ffffff,88195da4d3fffff,89195da4d27ffff,E00004560,N,E02000570
04DC72DD72A2BE8A6E6F95299BFCA24A,2021-11-04 13:30:00,2021-11-04 23:30:00,603.0833333333334,E02007115,Others,POINT (530353.4683179626 182565.5154893921),182565.5154893921,530353.4683179626,87195da4dffffff,88195da4dbfffff,89195da4dabffff,E00004679,N,E02000570
04DC72DD72A2BE8A6E6F95299BFCA24A,2021-11-05 00:15:00,2021-11-05 13:00:00,763.4333333333333,E02000193,Work,POINT (530270.7152296795 181540.84978241212),181540.8497824121,530270.7152296795,87194ad32ffffff,88195da4d3fffff,89195da4d27ffff,E00004560,N,E02000570
04DC72DD72A2BE8A6E6F95299BFCA24A,2021-11-05 13:15:00,2021-11-05 13:15:00,2.0166666666666666,E02007115,Eating and drinking,POINT (530500.821968237 182514.108045897),182514.108045897,530500.821968237,87195da4dffffff,88195da4dbfffff,89195da4da3ffff,E00004678,N,E02000570
04DC72DD72A2BE8A6E6F95299BFCA24A,2021-11-05 13:30:00,2021-11-05 23:30:00,598.85,E02007115,Others,POINT (530044.5343288649 182571.58285347896),182571.58285347896,530044.5343288649,87195da4dffffff,88195da4d1fffff,89195da4d07ffff,E00004650,N,E02000570
04DC72DD72A2BE8A6E6F95299BFCA24A,2021-11-06 00:15:00,2021-11-06 10:00:00,593.25,E02000193,Work,POINT (530270.7152296795 181540.84978241212),181540.8497824121,530270.7152296795,87194ad32ffffff,88195da4d3fffff,89195da4d27ffff,E00004560,N,E02000570
04DC72DD72A2BE8A6E6F95299BFCA24A,2021-11-06 11:00:00,2021-11-06 11:45:00,49.36666666666667,E02000570,Home,POINT (531191.8400908255 184177.0328870935),184177.0328870935,531191.8400908255,87195da6bffffff,88195da6b3fffff,89195da6b37ffff,E00013405,Y,E02000570
04DC72DD72A2BE8A6E6F95299BFCA24A,2021-11-06 12:00:00,2021-11-06 12:00:00,1.5166666666666666,E02007115,Others,POINT (530571.2693860327 182629.33583551017),182629.33583551017,530571.2693860327,87195da4dffffff,88195da4dbfffff,89195da4da3ffff,E00190357,N,E02000570
04DC72DD72A2BE8A6E6F95299BFCA24A,2021-11-06 12:15:00,2021-11-06 23:30:00,670.4833333333333,E02007115,Others,POINT (530362.457654065 182611.49206827817),182611.49206827817,530362.457654065,87195da4dffffff,88195da4dbfffff,89195da4dabffff,E00004679,N,E02000570
04DC72DD72A2BE8A6E6F95299BFCA24A,2021-11-07 00:45:00,2021-11-07 01:00:00,29.35,E02000193,Work,POINT (530270.7152296795 181540.84978241212),181540.8497824121,530270.7152296795,87194ad32ffffff,88195da4d3fffff,89195da4d27ffff,E00004560,N,E02000570
04DC72DD72A2BE8A6E6F95299BFCA24A,2021-11-07 01:45:00,2021-11-07 11:00:00,557.9666666666667,E02000193,Work,POINT (530270.7152296795 181540.84978241212),181540.8497824121,530270.7152296795,87194ad32ffffff,88195da4d3fffff,89195da4d27ffff,E00004560,N,E02000570
04DC72DD72A2BE8A6E6F95299BFCA24A,2021-11-07 11:30:00,2021-11-07 23:45:00,729.8333333333334,E02007115,Others,POINT (530329.158653772 182652.26265439283),182652.26265439283,530329.158653772,87195da4dffffff,88195da4dbfffff,89195da4dabffff,E00004646,N,E02000570
009043FB7D1221FC0114DCFBC0CAFAFE,2021-11-01 00:30:00,2021-11-01 07:30:00,424.8333333333333,E02000058,Home,POINT (524940.0255945111 188619.81625605293),188619.81625605293,524940.0255945111,87195da40ffffff,88195da401fffff,89195da400bffff,E00001041,Y,E02000058
009043FB7D1221FC0114DCFBC0CAFAFE,2021-11-01 08:30:00,2021-11-01 08:30:00,3.033333333333333,E02000058,Education,POINT (524615.087824066 188482.87493577422),188482.87493577425,524615.087824066,87195da40ffffff,88195da405fffff,89195da4047ffff,E00001103,N,E02000058
009043FB7D1221FC0114DCFBC0CAFAFE,2021-11-01 08:30:00,2021-11-01 12:00:00,213.45,E02000058,Home,POINT (524940.0255945111 188619.81625605293),188619.81625605293,524940.0255945111,87195da40ffffff,88195da401fffff,89195da400bffff,E00001041,Y,E02000058
009043FB7D1221FC0114DCFBC0CAFAFE,2021-11-01 13:00:00,2021-11-01 22:15:00,562.8166666666667,E02000058,Home,POINT (524940.0255945111 188619.81625605293),188619.81625605293,524940.0255945111,87195da40ffffff,88195da401fffff,89195da400bffff,E00001041,Y,E02000058
009043FB7D1221FC0114DCFBC0CAFAFE,2021-11-01 23:00:00,2021-11-02 07:15:00,495.9166666666667,E02000058,Home,POINT (524940.0255945111 188619.81625605293),188619.81625605293,524940.0255945111,87195da40ffffff,88195da401fffff,89195da400bffff,E00001041,Y,E02000058
009043FB7D1221FC0114DCFBC0CAFAFE,2021-11-02 07:30:00,2021-11-02 07:30:00,2.3,E02000056,Others,POINT (526335.077245679 189165.8254635143),189165.8254635143,526335.077245679,87195da45ffffff,88195da455fffff,89195da455bffff,E00001025,N,E02000058
009043FB7D1221FC0114DCFBC0CAFAFE,2021-11-02 08:00:00,2021-11-02 08:15:00,9.35,E02000058,Home,POINT (524940.0255945111 188619.81625605293),188619.81625605293,524940.0255945111,87195da40ffffff,88195da401fffff,89195da400bffff,E00001041,Y,E02000058
009043FB7D1221FC0114DCFBC0CAFAFE,2021-11-02 10:00:00,2021-11-02 18:45:00,528.5,E02000090,Work,POINT (545897.6291893867 172454.55186679913),172454.55186679913,545897.6291893867,87194e6daffffff,88194e6da9fffff,89194e6da83ffff,E00002078,N,E02000058
009043FB7D1221FC0114DCFBC0CAFAFE,2021-11-02 20:00:00,2021-11-02 21:45:00,101.03333333333332,E02000058,Home,POINT (524940.0255945111 188619.81625605293),188619.81625605293,524940.0255945111,87195da40ffffff,88195da401fffff,89195da400bffff,E00001041,Y,E02000058
009043FB7D1221FC0114DCFBC0CAFAFE,2021-11-02 22:00:00,2021-11-03 07:15:00,555.7333333333333,E02000058,Home,POINT (524940.0255945111 188619.81625605293),188619.81625605293,524940.0255945111,87195da40ffffff,88195da401fffff,89195da400bffff,E00001041,Y,E02000058
009043FB7D1221FC0114DCFBC0CAFAFE,2021-11-03 08:45:00,2021-11-03 10:30:00,117.51666666666668,E02000058,Home,POINT (524940.0255945111 188619.81625605293),188619.81625605293,524940.0255945111,87195da40ffffff,88195da401fffff,89195da400bffff,E00001041,Y,E02000058
009043FB7D1221FC0114DCFBC0CAFAFE,2021-11-03 11:00:00,2021-11-03 11:00:00,1.3166666666666669,E02000056,Shopping_2,POINT (526354.6668912553 189405.5841908365),189405.5841908365,526354.6668912553,87195da44ffffff,88195da443fffff,89195da442fffff,E00000875,N,E02000058
009043FB7D1221FC0114DCFBC0CAFAFE,2021-11-03 11:15:00,2021-11-03 11:15:00,3.0,E02000058,Home,POINT (524940.0255945111 188619.81625605293),188619.81625605293,524940.0255945111,87195da40ffffff,88195da401fffff,89195da400bffff,E00001041,Y,E02000058
009043FB7D1221FC0114DCFBC0CAFAFE,2021-11-03 11:30:00,2021-11-03 11:30:00,7.416666666666667,E02000058,Others,POINT (524934.8925055416 188372.94736052174),188372.9473605217,524934.8925055416,87195da40ffffff,88195da401fffff,89195da400bffff,E00001050,N,E02000058
009043FB7D1221FC0114DCFBC0CAFAFE,2021-11-03 11:45:00,2021-11-03 11:45:00,1.3833333333333333,E02000061,Others,POINT (525188.0666166218 187462.02453099354),187462.02453099357,525188.0666166218,87195da40ffffff,88195da439fffff,89195da4393ffff,E00001060,N,E02000058
009043FB7D1221FC0114DCFBC0CAFAFE,2021-11-03 11:45:00,2021-11-03 11:45:00,1.0,E02000061,Others,POINT (524826.6504516802 187225.86574862676),187225.8657486268,524826.6504516802,87195da43ffffff,88195da439fffff,89195da439bffff,E00000697,N,E02000058
009043FB7D1221FC0114DCFBC0CAFAFE,2021-11-03 12:30:00,2021-11-03 12:45:00,5.0,E02000001,Entertainment,POINT (532539.5781407685 181723.83088833836),181723.8308883384,532539.5781407685,87194ad30ffffff,88194ad363fffff,89194ad3627ffff,E00000020,N,E02000058
009043FB7D1221FC0114DCFBC0CAFAFE,2021-11-03 13:15:00,2021-11-03 13:15:00,1.0333333333333334,E02000482,Others,POINT (556663.4877585951 187226.7593613389),187226.7593613389,556663.4877585951,87194e60effffff,88194e60e7fffff,89194e60e7bffff,E00011261,N,E02000058
009043FB7D1221FC0114DCFBC0CAFAFE,2021-11-03 21:15:00,2021-11-03 21:45:00,21.75,E02000058,Home,POINT (524940.0255945111 188619.81625605293),188619.81625605293,524940.0255945111,87195da40ffffff,88195da401fffff,89195da400bffff,E00001041,Y,E02000058
009043FB7D1221FC0114DCFBC0CAFAFE,2021-11-03 22:00:00,2021-11-04 11:30:00,799.9666666666667,E02000058,Home,POINT (524940.0255945111 188619.81625605293),188619.81625605293,524940.0255945111,87195da40ffffff,88195da401fffff,89195da400bffff,E00001041,Y,E02000058
009043FB7D1221FC0114DCFBC0CAFAFE,2021-11-04 11:30:00,2021-11-04 11:30:00,1.6666666666666667,E02000058,Others,POINT (524870.7875155722 188877.03336723923),188877.03336723923,524870.7875155722,87195da40ffffff,88195da405fffff,89195da4057ffff,E00001039,N,E02000058
009043FB7D1221FC0114DCFBC0CAFAFE,2021-11-04 12:15:00,2021-11-04 15:45:00,218.88333333333333,E02000058,Home,POINT (524940.0255945111 188619.81625605293),188619.81625605293,524940.0255945111,87195da40ffffff,88195da401fffff,89195da400bffff,E00001041,Y,E02000058
009043FB7D1221FC0114DCFBC0CAFAFE,2021-11-04 16:30:00,2021-11-05 07:00:00,878.9666666666667,E02000058,Home,POINT (524940.0255945111 188619.81625605293),188619.81625605293,524940.0255945111,87195da40ffffff,88195da401fffff,89195da400bffff,E00001041,Y,E02000058
009043FB7D1221FC0114DCFBC0CAFAFE,2021-11-05 08:00:00,2021-11-05 08:00:00,2.066666666666667,E02000058,Home,POINT (524940.0255945111 188619.81625605293),188619.81625605293,524940.0255945111,87195da40ffffff,88195da401fffff,89195da400bffff,E00001041,Y,E02000058
009043FB7D1221FC0114DCFBC0CAFAFE,2021-11-05 15:45:00,2021-11-05 15:45:00,4.633333333333334,E02000016,Shopping_2,POINT (544115.2199050097 184490.37155247625),184490.37155247625,544115.2199050097,87194e688ffffff,88194e68d5fffff,89194e68d4bffff,E00000040,N,E02000058
009043FB7D1221FC0114DCFBC0CAFAFE,2021-11-05 16:15:00,2021-11-05 16:30:00,3.2,E02000058,Home,POINT (524940.0255945111 188619.81625605293),188619.81625605293,524940.0255945111,87195da40ffffff,88195da401fffff,89195da400bffff,E00001041,Y,E02000058
009043FB7D1221FC0114DCFBC0CAFAFE,2021-11-05 16:45:00,2021-11-05 21:00:00,253.53333333333333,E02000058,Home,POINT (524940.0255945111 188619.81625605293),188619.81625605293,524940.0255945111,87195da40ffffff,88195da401fffff,89195da400bffff,E00001041,Y,E02000058
009043FB7D1221FC0114DCFBC0CAFAFE,2021-11-05 23:00:00,2021-11-06 08:00:00,550.6333333333333,E02000058,Home,POINT (524940.0255945111 188619.81625605293),188619.81625605293,524940.0255945111,87195da40ffffff,88195da401fffff,89195da400bffff,E00001041,Y,E02000058
009043FB7D1221FC0114DCFBC0CAFAFE,2021-11-06 09:30:00,2021-11-06 12:45:00,192.6833333333333,E02000058,Home,POINT (524940.0255945111 188619.81625605293),188619.81625605293,524940.0255945111,87195da40ffffff,88195da401fffff,89195da400bffff,E00001041,Y,E02000058
009043FB7D1221FC0114DCFBC0CAFAFE,2021-11-06 13:30:00,2021-11-06 16:00:00,158.65,E02000058,Home,POINT (524940.0255945111 188619.81625605293),188619.81625605293,524940.0255945111,87195da40ffffff,88195da401fffff,89195da400bffff,E00001041,Y,E02000058
009043FB7D1221FC0114DCFBC0CAFAFE,2021-11-06 16:30:00,2021-11-07 07:45:00,915.2166666666668,E02000058,Home,POINT (524940.0255945111 188619.81625605293),188619.81625605293,524940.0255945111,87195da40ffffff,88195da401fffff,89195da400bffff,E00001041,Y,E02000058
009043FB7D1221FC0114DCFBC0CAFAFE,2021-11-07 09:15:00,2021-11-07 09:15:00,1.5166666666666666,E02000058,Home,POINT (524940.0255945111 188619.81625605293),188619.81625605293,524940.0255945111,87195da40ffffff,88195da401fffff,89195da400bffff,E00001041,Y,E02000058
009043FB7D1221FC0114DCFBC0CAFAFE,2021-11-07 09:15:00,2021-11-07 09:30:00,16.05,E02000058,Home,POINT (524940.0255945111 188619.81625605293),188619.81625605293,524940.0255945111,87195da40ffffff,88195da401fffff,89195da400bffff,E00001041,Y,E02000058
009043FB7D1221FC0114DCFBC0CAFAFE,2021-11-07 09:45:00,2021-11-07 11:30:00,100.56666666666666,E02000058,Home,POINT (524940.0255945111 188619.81625605293),188619.81625605293,524940.0255945111,87195da40ffffff,88195da401fffff,89195da400bffff,E00001041,Y,E02000058
009043FB7D1221FC0114DCFBC0CAFAFE,2021-11-07 12:00:00,2021-11-07 12:15:00,11.233333333333333,E02000058,Home,POINT (524940.0255945111 188619.81625605293),188619.81625605293,524940.0255945111,87195da40ffffff,88195da401fffff,89195da400bffff,E00001041,Y,E02000058
009043FB7D1221FC0114DCFBC0CAFAFE,2021-11-07 12:30:00,2021-11-07 13:45:00,71.88333333333334,E02000062,Shopping_2,POINT (523183.0800109604 187457.9807038205),187457.9807038205,523183.0800109604,87195da42ffffff,88195da423fffff,89195da422bffff,E00001079,N,E02000058
009043FB7D1221FC0114DCFBC0CAFAFE,2021-11-07 14:15:00,2021-11-08 07:45:00,1049.35,E02000058,Home,POINT (524940.0255945111 188619.81625605293),188619.81625605293,524940.0255945111,87195da40ffffff,88195da401fffff,89195da400bffff,E00001041,Y,E02000058
017A9D8D26DF0D920CDE17443E1DCF48,2021-11-01 00:45:00,2021-11-01 10:00:00,565.25,E02000088,Home,POINT (547641.6202907495 173336.2833179934),173336.2833179934,547641.6202907495,87194e6d8ffffff,88194e6dc7fffff,89194e6dc6fffff,E00002188,Y,E02000088
017A9D8D26DF0D920CDE17443E1DCF48,2021-11-02 21:45:00,2021-11-03 04:30:00,403.25,E02000088,Home,POINT (547641.6202907495 173336.2833179934),173336.2833179934,547641.6202907495,87194e6d8ffffff,88194e6dc7fffff,89194e6dc6fffff,E00002188,Y,E02000088
017A9D8D26DF0D920CDE17443E1DCF48,2021-11-03 06:45:00,2021-11-03 16:45:00,599.7166666666667,E02006792,Shopping_2,POINT (520409.5359641625 178738.98994527964),178738.98994527964,520409.5359641625,87194adb5ffffff,88194adb53fffff,89194adb523ffff,E00006860,N,E02000088
017A9D8D26DF0D920CDE17443E1DCF48,2021-11-03 17:15:00,2021-11-03 17:15:00,1.6333333333333333,E02000526,Others,POINT (521538.43969493324 178887.67339582506),178887.67339582506,521538.4396949333,87194ada2ffffff,88194ada2dfffff,89194ada66fffff,E00012803,N,E02000088
017A9D8D26DF0D920CDE17443E1DCF48,2021-11-03 19:00:00,2021-11-04 05:00:00,598.3166666666667,E02000088,Home,POINT (547641.6202907495 173336.2833179934),173336.2833179934,547641.6202907495,87194e6d8ffffff,88194e6dc7fffff,89194e6dc6fffff,E00002188,Y,E02000088
017A9D8D26DF0D920CDE17443E1DCF48,2021-11-04 06:30:00,2021-11-04 16:45:00,618.8,E02006792,Shopping_2,POINT (519994.64818259084 178321.88166992052),178321.88166992052,519994.6481825909,87194adb1ffffff,88194adb19fffff,89194adb197ffff,E00013351,N,E02000088
017A9D8D26DF0D920CDE17443E1DCF48,2021-11-04 17:15:00,2021-11-04 17:15:00,2.1666666666666665,E02000526,Others,POINT (521636.0136497236 178430.05641964247),178430.05641964247,521636.0136497236,87194ada2ffffff,88194ada29fffff,89194ada28bffff,E00012812,N,E02000088
017A9D8D26DF0D920CDE17443E1DCF48,2021-11-04 18:45:00,2021-11-05 10:45:00,956.1666666666666,E02000088,Home,POINT (547641.6202907495 173336.2833179934),173336.2833179934,547641.6202907495,87194e6d8ffffff,88194e6dc7fffff,89194e6dc6fffff,E00002188,Y,E02000088
017A9D8D26DF0D920CDE17443E1DCF48,2021-11-05 11:00:00,2021-11-05 11:45:00,43.833333333333336,E02000089,Others,POINT (545293.3662820422 172903.69709782174),172903.69709782174,545293.3662820422,87194e6daffffff,88194e6dadfffff,89194e6dad7ffff,E00002247,N,E02000088
017A9D8D26DF0D920CDE17443E1DCF48,2021-11-05 11:45:00,2021-11-05 12:00:00,2.1333333333333333,E02000090,Others,POINT (546229.1511175748 172429.7954294014),172429.7954294014,546229.1511175748,87194e6daffffff,88194e6da9fffff,89194e6da97ffff,E00002252,N,E02000088
017A9D8D26DF0D920CDE17443E1DCF48,2021-11-05 12:15:00,2021-11-06 15:15:00,1618.0833333333333,E02000088,Home,POINT (547641.6202907495 173336.2833179934),173336.2833179934,547641.6202907495,87194e6d8ffffff,88194e6dc7fffff,89194e6dc6fffff,E00002188,Y,E02000088
017A9D8D26DF0D920CDE17443E1DCF48,2021-11-06 16:00:00,2021-11-07 11:00:00,1142.6833333333334,E02000088,Home,POINT (547641.6202907495 173336.2833179934),173336.2833179934,547641.6202907495,87194e6d8ffffff,88194e6dc7fffff,89194e6dc6fffff,E00002188,Y,E02000088
017A9D8D26DF0D920CDE17443E1DCF48,2021-11-07 12:00:00,2021-11-07 12:15:00,21.15,E02000090,Eating and drinking,POINT (545921.1008740739 172358.31588264703),172358.31588264703,545921.1008740739,87194e6daffffff,88194e6da9fffff,89194e6da8fffff,E00002078,N,E02000088
017A9D8D26DF0D920CDE17443E1DCF48,2021-11-07 12:30:00,2021-11-08 12:30:00,1436.8333333333333,E02000088,Home,POINT (547641.6202907495 173336.2833179934),173336.2833179934,547641.6202907495,87194e6d8ffffff,88194e6dc7fffff,89194e6dc6fffff,E00002188,Y,E02000088
050BA35066FB6B25FEDFAF3FABE233A0,2021-11-01 00:15:00,2021-11-02 09:30:00,1998.5166666666669,E02000339,Home,POINT (543017.734618558 175034.37663962736),175034.37663962736,543017.734618558,87194ad2cffffff,88194ad2c3fffff,89194ad2c37ffff,E00007984,Y,E02000339
050BA35066FB6B25FEDFAF3FABE233A0,2021-11-02 09:45:00,2021-11-02 10:30:00,34.35,E02000340,Work,POINT (543767.8355643236 174107.0434836035),174107.0434836035,543767.8355643236,87194ad2dffffff,88194ad2d1fffff,89194ad2d1bffff,E00008033,N,E02000339
050BA35066FB6B25FEDFAF3FABE233A0,2021-11-02 10:30:00,2021-11-03 15:00:00,1701.7166666666667,E02000339,Home,POINT (543017.734618558 175034.37663962736),175034.37663962736,543017.734618558,87194ad2cffffff,88194ad2c3fffff,89194ad2c37ffff,E00007984,Y,E02000339
050BA35066FB6B25FEDFAF3FABE233A0,2021-11-03 15:45:00,2021-11-04 08:15:00,1000.8833333333332,E02000339,Home,POINT (543017.734618558 175034.37663962736),175034.37663962736,543017.734618558,87194ad2cffffff,88194ad2c3fffff,89194ad2c37ffff,E00007984,Y,E02000339
050BA35066FB6B25FEDFAF3FABE233A0,2021-11-04 09:00:00,2021-11-04 14:45:00,349.6,E02000339,Home,POINT (543017.734618558 175034.37663962736),175034.37663962736,543017.734618558,87194ad2cffffff,88194ad2c3fffff,89194ad2c37ffff,E00007984,Y,E02000339
050BA35066FB6B25FEDFAF3FABE233A0,2021-11-04 15:45:00,2021-11-04 17:45:00,124.98333333333332,E02000339,Home,POINT (543017.734618558 175034.37663962736),175034.37663962736,543017.734618558,87194ad2cffffff,88194ad2c3fffff,89194ad2c37ffff,E00007984,Y,E02000339
050BA35066FB6B25FEDFAF3FABE233A0,2021-11-04 18:00:00,2021-11-04 18:30:00,40.46666666666667,E02000340,Work,POINT (543767.8355643236 174107.0434836035),174107.0434836035,543767.8355643236,87194ad2dffffff,88194ad2d1fffff,89194ad2d1bffff,E00008033,N,E02000339
050BA35066FB6B25FEDFAF3FABE233A0,2021-11-04 18:45:00,2021-11-05 08:15:00,815.7833333333333,E02000339,Home,POINT (543017.734618558 175034.37663962736),175034.37663962736,543017.734618558,87194ad2cffffff,88194ad2c3fffff,89194ad2c37ffff,E00007984,Y,E02000339
050BA35066FB6B25FEDFAF3FABE233A0,2021-11-05 08:45:00,2021-11-05 09:00:00,18.066666666666663,E02000344,Education,POINT (543865.9429417078 172289.075722141),172289.075722141,543865.9429417078,87194ad29ffffff,88194ad299fffff,89194ad2997ffff,E00007957,N,E02000339
050BA35066FB6B25FEDFAF3FABE233A0,2021-11-05 09:15:00,2021-11-05 15:00:00,333.8833333333333,E02000339,Home,POINT (543017.734618558 175034.37663962736),175034.37663962736,543017.734618558,87194ad2cffffff,88194ad2c3fffff,89194ad2c37ffff,E00007984,Y,E02000339
050BA35066FB6B25FEDFAF3FABE233A0,2021-11-05 15:45:00,2021-11-05 16:15:00,36.13333333333333,E02000339,Home,POINT (543017.734618558 175034.37663962736),175034.37663962736,543017.734618558,87194ad2cffffff,88194ad2c3fffff,89194ad2c37ffff,E00007984,Y,E02000339
050BA35066FB6B25FEDFAF3FABE233A0,2021-11-05 16:45:00,2021-11-05 17:15:00,38.016666666666666,E02000339,Others,POINT (542410.243974396 175296.46321703983),175296.46321703985,542410.243974396,87194ad2cffffff,88194ad2c1fffff,89194ad2c3bffff,E00008072,N,E02000339
050BA35066FB6B25FEDFAF3FABE233A0,2021-11-05 17:30:00,2021-11-05 17:45:00,15.183333333333334,E02000339,Others,POINT (542796.2124571806 174907.15227445288),174907.15227445288,542796.2124571806,87194ad2cffffff,88194ad2c3fffff,89194ad2c23ffff,E00007982,N,E02000339
050BA35066FB6B25FEDFAF3FABE233A0,2021-11-05 18:00:00,2021-11-06 14:15:00,1215.1166666666666,E02000339,Home,POINT (543017.734618558 175034.37663962736),175034.37663962736,543017.734618558,87194ad2cffffff,88194ad2c3fffff,89194ad2c37ffff,E00007984,Y,E02000339
050BA35066FB6B25FEDFAF3FABE233A0,2021-11-06 14:45:00,2021-11-06 16:45:00,123.48333333333332,E02000339,Home,POINT (543017.734618558 175034.37663962736),175034.37663962736,543017.734618558,87194ad2cffffff,88194ad2c3fffff,89194ad2c37ffff,E00007984,Y,E02000339
050BA35066FB6B25FEDFAF3FABE233A0,2021-11-06 17:45:00,2021-11-07 14:00:00,1216.2333333333331,E02000339,Home,POINT (543017.734618558 175034.37663962736),175034.37663962736,543017.734618558,87194ad2cffffff,88194ad2c3fffff,89194ad2c37ffff,E00007984,Y,E02000339
050BA35066FB6B25FEDFAF3FABE233A0,2021-11-07 14:30:00,2021-11-08 14:45:00,1456.5,E02000339,Home,POINT (543017.734618558 175034.37663962736),175034.37663962736,543017.734618558,87194ad2cffffff,88194ad2c3fffff,89194ad2c37ffff,E00007984,Y,E02000339
01DD3A1E2B4E0D6D1760D0A8B0B8BDA9,2021-11-01 00:30:00,2021-11-01 07:15:00,406.4,E02000821,Home,POINT (533281.4237501111 178238.25771099626),178238.25771099626,533281.4237501111,87194ad33ffffff,88194ad333fffff,89194ad3337ffff,E00019933,Y,E02000821
01DD3A1E2B4E0D6D1760D0A8B0B8BDA9,2021-11-01 09:15:00,2021-11-01 17:00:00,464.01666666666665,E02000380,Work,POINT (522920.3917625446 179221.96403989074),179221.96403989074,522920.3917625446,87194ada6ffffff,88194ada63fffff,89194ada637ffff,E00009480,N,E02000821
01DD3A1E2B4E0D6D1760D0A8B0B8BDA9,2021-11-01 18:15:00,2021-11-01 20:15:00,110.18333333333334,E02000821,Home,POINT (533281.4237501111 178238.25771099626),178238.25771099626,533281.4237501111,87194ad33ffffff,88194ad333fffff,89194ad3337ffff,E00019933,Y,E02000821
01DD3A1E2B4E0D6D1760D0A8B0B8BDA9,2021-11-01 20:30:00,2021-11-02 07:30:00,656.8,E02000821,Home,POINT (533281.4237501111 178238.25771099626),178238.25771099626,533281.4237501111,87194ad33ffffff,88194ad333fffff,89194ad3337ffff,E00019933,Y,E02000821
01DD3A1E2B4E0D6D1760D0A8B0B8BDA9,2021-11-02 13:00:00,2021-11-02 13:15:00,21.55,E02000380,Education,POINT (522845.3735336875 179170.38574427096),179170.38574427096,522845.3735336875,87194ada6ffffff,88194ada63fffff,89194ada637ffff,E00009479,N,E02000821
01DD3A1E2B4E0D6D1760D0A8B0B8BDA9,2021-11-02 13:45:00,2021-11-02 17:00:00,188.65,E02000380,Work,POINT (522920.3917625446 179221.96403989074),179221.96403989074,522920.3917625446,87194ada6ffffff,88194ada63fffff,89194ada637ffff,E00009480,N,E02000821
01DD3A1E2B4E0D6D1760D0A8B0B8BDA9,2021-11-02 18:00:00,2021-11-03 07:30:00,801.9833333333333,E02000821,Home,POINT (533281.4237501111 178238.25771099626),178238.25771099626,533281.4237501111,87194ad33ffffff,88194ad333fffff,89194ad3337ffff,E00019933,Y,E02000821
01DD3A1E2B4E0D6D1760D0A8B0B8BDA9,2021-11-03 08:45:00,2021-11-03 15:00:00,369.8,E02000380,Work,POINT (522920.3917625446 179221.96403989074),179221.96403989074,522920.3917625446,87194ada6ffffff,88194ada63fffff,89194ada637ffff,E00009480,N,E02000821
01DD3A1E2B4E0D6D1760D0A8B0B8BDA9,2021-11-03 16:00:00,2021-11-03 17:00:00,52.083333333333336,E02000380,Work,POINT (522920.3917625446 179221.96403989074),179221.96403989074,522920.3917625446,87194ada6ffffff,88194ada63fffff,89194ada637ffff,E00009480,N,E02000821
01DD3A1E2B4E0D6D1760D0A8B0B8BDA9,2021-11-03 18:45:00,2021-11-04 07:15:00,762.8333333333334,E02000821,Home,POINT (533281.4237501111 178238.25771099626),178238.25771099626,533281.4237501111,87194ad33ffffff,88194ad333fffff,89194ad3337ffff,E00019933,Y,E02000821
01DD3A1E2B4E0D6D1760D0A8B0B8BDA9,2021-11-04 09:00:00,2021-11-04 12:15:00,187.56666666666663,E02000380,Work,POINT (522920.3917625446 179221.96403989074),179221.96403989074,522920.3917625446,87194ada6ffffff,88194ada63fffff,89194ada637ffff,E00009480,N,E02000821
01DD3A1E2B4E0D6D1760D0A8B0B8BDA9,2021-11-04 12:30:00,2021-11-04 13:30:00,52.9,E02000380,Education,POINT (522869.24864624284 179163.48997448658),179163.48997448658,522869.2486462429,87194ada6ffffff,88194ada63fffff,89194ada637ffff,E00009478,N,E02000821
01DD3A1E2B4E0D6D1760D0A8B0B8BDA9,2021-11-04 18:15:00,2021-11-05 07:30:00,792.25,E02000821,Home,POINT (533281.4237501111 178238.25771099626),178238.25771099626,533281.4237501111,87194ad33ffffff,88194ad333fffff,89194ad3337ffff,E00019933,Y,E02000821
01DD3A1E2B4E0D6D1760D0A8B0B8BDA9,2021-11-05 09:30:00,2021-11-05 12:15:00,165.18333333333334,E02000380,Work,POINT (522920.3917625446 179221.96403989074),179221.96403989074,522920.3917625446,87194ada6ffffff,88194ada63fffff,89194ada637ffff,E00009480,N,E02000821
01DD3A1E2B4E0D6D1760D0A8B0B8BDA9,2021-11-05 12:45:00,2021-11-05 13:00:00,20.883333333333333,E02000380,Education,POINT (522927.42447332636 179346.64134987796),179346.64134987796,522927.4244733264,87194ada6ffffff,88194ada63fffff,89194ada6afffff,E00009481,N,E02000821
01DD3A1E2B4E0D6D1760D0A8B0B8BDA9,2021-11-05 13:30:00,2021-11-05 16:30:00,178.33333333333334,E02000380,Work,POINT (522920.3917625446 179221.96403989074),179221.96403989074,522920.3917625446,87194ada6ffffff,88194ada63fffff,89194ada637ffff,E00009480,N,E02000821
01DD3A1E2B4E0D6D1760D0A8B0B8BDA9,2021-11-05 17:45:00,2021-11-06 09:45:00,961.6,E02000821,Home,POINT (533281.4237501111 178238.25771099626),178238.25771099626,533281.4237501111,87194ad33ffffff,88194ad333fffff,89194ad3337ffff,E00019933,Y,E02000821
01DD3A1E2B4E0D6D1760D0A8B0B8BDA9,2021-11-06 13:00:00,2021-11-07 11:00:00,1311.8166666666666,E02000821,Home,POINT (533281.4237501111 178238.25771099626),178238.25771099626,533281.4237501111,87194ad33ffffff,88194ad333fffff,89194ad3337ffff,E00019933,Y,E02000821
01DD3A1E2B4E0D6D1760D0A8B0B8BDA9,2021-11-07 11:30:00,2021-11-07 12:00:00,28.0,E02000819,Shopping_1,POINT (534017.9411062056 178449.29140628653),178449.29140628653,534017.9411062056,87194ad31ffffff,88194ad317fffff,89194ad316bffff,E00020346,N,E02000821
01DD3A1E2B4E0D6D1760D0A8B0B8BDA9,2021-11-07 12:30:00,2021-11-08 07:45:00,1142.2,E02000821,Home,POINT (533281.4237501111 178238.25771099626),178238.25771099626,533281.4237501111,87194ad33ffffff,88194ad333fffff,89194ad3337ffff,E00019933,Y,E02000821
062ED1963ED477DF64B28CDA7728E412,2021-11-01 00:30:00,2021-11-01 07:15:00,405.01666666666665,E02000940,Home,POINT (525628.9483828937 174283.624611271),174283.624611271,525628.9483828937,87194adacffffff,88194adac5fffff,89194adac4bffff,E00023152,Y,E02000940
062ED1963ED477DF64B28CDA7728E412,2021-11-01 08:30:00,2021-11-01 17:45:00,547.6,E02000941,Work,POINT (526232.7164977593 174039.35687788881),174039.3568778888,526232.7164977593,87194adacffffff,88194adac5fffff,89194adac47ffff,E00023319,N,E02000940
062ED1963ED477DF64B28CDA7728E412,2021-11-01 18:15:00,2021-11-01 19:00:00,38.53333333333333,E02000940,Home,POINT (525628.9483828937 174283.624611271),174283.624611271,525628.9483828937,87194adacffffff,88194adac5fffff,89194adac4bffff,E00023152,Y,E02000940
062ED1963ED477DF64B28CDA7728E412,2021-11-01 19:15:00,2021-11-02 07:30:00,728.0,E02000940,Home,POINT (525628.9483828937 174283.624611271),174283.624611271,525628.9483828937,87194adacffffff,88194adac5fffff,89194adac4bffff,E00023152,Y,E02000940
062ED1963ED477DF64B28CDA7728E412,2021-11-02 07:45:00,2021-11-02 09:45:00,124.08333333333331,E02000941,Work,POINT (526232.7164977593 174039.35687788881),174039.3568778888,526232.7164977593,87194adacffffff,88194adac5fffff,89194adac47ffff,E00023319,N,E02000940
062ED1963ED477DF64B28CDA7728E412,2021-11-02 11:15:00,2021-11-02 16:45:00,326.01666666666665,E02000941,Work,POINT (526232.7164977593 174039.35687788881),174039.3568778888,526232.7164977593,87194adacffffff,88194adac5fffff,89194adac47ffff,E00023319,N,E02000940
062ED1963ED477DF64B28CDA7728E412,2021-11-02 17:30:00,2021-11-02 18:00:00,32.6,E02000940,Home,POINT (525628.9483828937 174283.624611271),174283.624611271,525628.9483828937,87194adacffffff,88194adac5fffff,89194adac4bffff,E00023152,Y,E02000940
062ED1963ED477DF64B28CDA7728E412,2021-11-02 18:45:00,2021-11-03 07:30:00,767.3166666666667,E02000940,Home,POINT (525628.9483828937 174283.624611271),174283.624611271,525628.9483828937,87194adacffffff,88194adac5fffff,89194adac4bffff,E00023152,Y,E02000940
062ED1963ED477DF64B28CDA7728E412,2021-11-03 07:45:00,2021-11-03 21:00:00,788.2666666666667,E02000941,Work,POINT (526232.7164977593 174039.35687788881),174039.3568778888,526232.7164977593,87194adacffffff,88194adac5fffff,89194adac47ffff,E00023319,N,E02000940
062ED1963ED477DF64B28CDA7728E412,2021-11-03 21:00:00,2021-11-04 07:30:00,618.8333333333334,E02000940,Home,POINT (525628.9483828937 174283.624611271),174283.624611271,525628.9483828937,87194adacffffff,88194adac5fffff,89194adac4bffff,E00023152,Y,E02000940
062ED1963ED477DF64B28CDA7728E412,2021-11-04 07:45:00,2021-11-04 18:15:00,629.4166666666666,E02000941,Work,POINT (526232.7164977593 174039.35687788881),174039.3568778888,526232.7164977593,87194adacffffff,88194adac5fffff,89194adac47ffff,E00023319,N,E02000940
062ED1963ED477DF64B28CDA7728E412,2021-11-04 18:45:00,2021-11-05 07:30:00,769.65,E02000940,Home,POINT (525628.9483828937 174283.624611271),174283.624611271,525628.9483828937,87194adacffffff,88194adac5fffff,89194adac4bffff,E00023152,Y,E02000940
062ED1963ED477DF64B28CDA7728E412,2021-11-05 07:45:00,2021-11-05 15:15:00,458.9666666666666,E02000941,Work,POINT (526232.7164977593 174039.35687788881),174039.3568778888,526232.7164977593,87194adacffffff,88194adac5fffff,89194adac47ffff,E00023319,N,E02000940
062ED1963ED477DF64B28CDA7728E412,2021-11-05 16:15:00,2021-11-05 18:00:00,106.35,E02000940,Home,POINT (525628.9483828937 174283.624611271),174283.624611271,525628.9483828937,87194adacffffff,88194adac5fffff,89194adac4bffff,E00023152,Y,E02000940
062ED1963ED477DF64B28CDA7728E412,2021-11-05 19:00:00,2021-11-05 22:45:00,227.1833333333333,E02000949,Others,POINT (528080.9061182659 172934.40486275632),172934.40486275632,528080.9061182659,87194adadffffff,88194adaddfffff,89194adadc7ffff,E00022888,N,E02000940
062ED1963ED477DF64B28CDA7728E412,2021-11-05 23:15:00,2021-11-06 16:15:00,1017.8,E02000940,Home,POINT (525628.9483828937 174283.624611271),174283.624611271,525628.9483828937,87194adacffffff,88194adac5fffff,89194adac4bffff,E00023152,Y,E02000940
062ED1963ED477DF64B28CDA7728E412,2021-11-06 16:30:00,2021-11-06 17:15:00,38.61666666666667,E02000940,Shopping_2,POINT (525442.9976976801 174313.9568886075),174313.9568886075,525442.9976976801,87194adaeffffff,88194adac5fffff,89194adac4bffff,E00170920,N,E02000940
062ED1963ED477DF64B28CDA7728E412,2021-11-06 17:30:00,2021-11-06 19:30:00,120.25,E02000940,Home,POINT (525628.9483828937 174283.624611271),174283.624611271,525628.9483828937,87194adacffffff,88194adac5fffff,89194adac4bffff,E00023152,Y,E02000940
062ED1963ED477DF64B28CDA7728E412,2021-11-06 19:45:00,2021-11-06 20:00:00,10.05,E02000940,Home,POINT (525628.9483828937 174283.624611271),174283.624611271,525628.9483828937,87194adacffffff,88194adac5fffff,89194adac4bffff,E00023152,Y,E02000940
062ED1963ED477DF64B28CDA7728E412,2021-11-06 20:15:00,2021-11-06 20:15:00,2.316666666666667,E02000689,Others,POINT (525013.4269940875 172379.80189022346),172379.80189022346,525013.4269940875,87194ada8ffffff,88194ada85fffff,89194ada85bffff,E00017602,N,E02000940
062ED1963ED477DF64B28CDA7728E412,2021-11-06 20:15:00,2021-11-06 20:15:00,1.2,E02000932,Others,POINT (525049.8239222992 175044.63601637734),175044.63601637734,525049.8239222992,87194ada1ffffff,88194adae9fffff,89194adae93ffff,E00023207,N,E02000940
062ED1963ED477DF64B28CDA7728E412,2021-11-06 20:30:00,2021-11-07 00:45:00,257.4,E02000932,Others,POINT (524945.2427430042 175096.27865763492),175096.27865763492,524945.2427430042,87194ada1ffffff,88194ada17fffff,89194ada167ffff,E00023204,N,E02000940
062ED1963ED477DF64B28CDA7728E412,2021-11-07 01:00:00,2021-11-07 16:45:00,952.7166666666668,E02000940,Home,POINT (525628.9483828937 174283.624611271),174283.624611271,525628.9483828937,87194adacffffff,88194adac5fffff,89194adac4bffff,E00023152,Y,E02000940
062ED1963ED477DF64B28CDA7728E412,2021-11-07 17:15:00,2021-11-08 07:15:00,839.6166666666667,E02000940,Home,POINT (525628.9483828937 174283.624611271),174283.624611271,525628.9483828937,87194adacffffff,88194adac5fffff,89194adac4bffff,E00023152,Y,E02000940
