"user_id","dev_lat","dev_lon","local_datetime"
"wizardly_joliot",38.3217114212002,-36.6673339303945,2024-01-01 14:29:00.000000000
"wizardly_joliot",38.32167577212169,-36.667364874004356,2024-01-01 14:35:00.000000000
"wonderful_swirles",38.32101653778628,-36.66786905040954,2024-01-01 15:06:00.000000000
"youthful_galileo",38.32162478888508,-36.66661220202455,2024-01-01 08:47:00.000000000
"youthful_galileo",38.32168092404747,-36.66684143991344,2024-01-01 09:59:00.000000000
"youthful_galileo",38.32183028841519,-36.666793519933975,2024-01-01 10:11:00.000000000
"youthful_galileo",38.321807635561115,-36.66686053872472,2024-01-01 10:15:00.000000000
"youthful_galileo",38.32182281360016,-36.666856741039,2024-01-01 10:36:00.000000000
"youthful_galileo",38.32174813832132,-36.66706906271908,2024-01-01 11:14:00.000000000
"youthful_galileo",38.32146604546313,-36.66701183996641,2024-01-01 13:02:00.000000000
"youthful_galileo",38.32207247557064,-36.6668426863652,2024-01-01 13:26:00.000000000
"youthful_galileo",38.322234724423915,-36.66725745233605,2024-01-01 13:42:00.000000000
"youthful_galileo",38.32222172256962,-36.66725029254043,2024-01-01 13:43:00.000000000
"youthful_galileo",38.3219460525031,-36.66727955925584,2024-01-01 13:46:00.000000000
"youthful_galileo",38.32228962206193,-36.666789024255756,2024-01-01 14:02:00.000000000
"youthful_galileo",38.32167505532113,-36.66762608335287,2024-01-01 14:23:00.000000000
"youthful_galileo",38.32165981574698,-36.66759854821553,2024-01-01 14:49:00.000000000
"youthful_galileo",38.32166813511284,-36.66758609733093,2024-01-01 15:02:00.000000000
"youthful_galileo",38.321608412302695,-36.66764534851838,2024-01-01 16:06:00.000000000
"youthful_galileo",38.321766021655264,-36.66759778540115,2024-01-01 16:58:00.000000000
"youthful_galileo",38.321755763150705,-36.66759211103725,2024-01-01 17:01:00.000000000
"youthful_galileo",38.32183437408371,-36.6675534042566,2024-01-01 17:03:00.000000000
"youthful_galileo",38.3217749848408,-36.66760477108324,2024-01-01 17:07:00.000000000
"youthful_galileo",38.32084625413533,-36.66749683774782,2024-01-01 19:04:00.000000000
"youthful_galileo",38.3208353899008,-36.667487593684925,2024-01-01 19:05:00.000000000
"youthful_galileo",38.32079272108089,-36.66749649182875,2024-01-01 19:19:00.000000000
"youthful_galileo",38.32082051340258,-36.667468810665646,2024-01-01 19:20:00.000000000
"youthful_galileo",38.32083110611524,-36.66747626153745,2024-01-01 19:32:00.000000000
"youthful_galileo",38.3209136578687,-36.667499602859785,2024-01-01 19:51:00.000000000
"youthful_galileo",38.32090384000709,-36.6675031742518,2024-01-01 19:52:00.000000000
"youthful_galileo",38.32087909603775,-36.667473134050695,2024-01-01 19:53:00.000000000
"youthful_galileo",38.32080578298947,-36.66755687352845,2024-01-01 20:01:00.000000000
"youthful_galileo",38.320847663876904,-36.66754249464011,2024-01-01 20:13:00.000000000
"youthful_galileo",38.32084327158628,-36.66751829382533,2024-01-01 20:16:00.000000000
"youthful_galileo",38.32085811548033,-36.667491680756285,2024-01-01 20:29:00.000000000
"youthful_galileo",38.320791922703656,-36.66752026302498,2024-01-01 21:25:00.000000000
"youthful_galileo",38.32082830188908,-36.66746979384362,2024-01-01 21:50:00.000000000
"youthful_galileo",38.32079770745494,-36.667566756701234,2024-01-01 22:23:00.000000000
"youthful_galileo",38.320806895296975,-36.66750716443469,2024-01-01 22:43:00.000000000
"youthful_galileo",38.3208380554073,-36.66753918825536,2024-01-01 22:55:00.000000000
"youthful_galileo",38.320900521668854,-36.66746909117038,2024-01-01 22:56:00.000000000
"youthful_galileo",38.32086755814892,-36.66748337805594,2024-01-01 22:58:00.000000000
"youthful_galileo",38.32084302987083,-36.66747523948903,2024-01-01 23:13:00.000000000
"youthful_galileo",38.320892732286,-36.66752652149358,2024-01-01 23:33:00.000000000
"youthful_galileo",38.320898007252474,-36.667541078906225,2024-01-01 23:37:00.000000000
"youthful_galileo",38.32089468750632,-36.66750767943654,2024-01-01 23:48:00.000000000
"youthful_galileo",38.320832006926146,-36.667525315324234,2024-01-01 23:52:00.000000000
"youthful_galileo",38.320839199385055,-36.667494665365744,2024-01-01 23:56:00.000000000
"zealous_ramanujan",38.32139661562656,-36.66746986403112,2024-01-01 21:05:00.000000000
"zealous_ramanujan",38.321437964797205,-36.6674326899708,2024-01-01 21:20:00.000000000
"zealous_ramanujan",38.32132828547845,-36.667428533559836,2024-01-01 21:30:00.000000000
"zealous_ramanujan",38.321334122377216,-36.66740489574647,2024-01-01 22:00:00.000000000
"adoring_northcutt",38.32210579022032,-36.66756362183545,2024-01-01 12:41:00.000000000
"adoring_northcutt",38.322019264542206,-36.66757444218402,2024-01-01 12:45:00.000000000
"adoring_northcutt",38.322121656987036,-36.66745759932643,2024-01-01 13:03:00.000000000
"adoring_northcutt",38.32205507041228,-36.66795769852257,2024-01-01 13:47:00.000000000
"amazing_nightingale",38.32003908941803,-36.66734437847412,2024-01-01 08:59:00.000000000
"amazing_nightingale",38.32009076695716,-36.66735453554496,2024-01-01 09:30:00.000000000
"amazing_nightingale",38.3199765994364,-36.667300335797556,2024-01-01 17:53:00.000000000
"amazing_nightingale",38.3206635041875,-36.667468607093916,2024-01-01 18:19:00.000000000
"amazing_nightingale",38.32065144623946,-36.667477858217076,2024-01-01 18:44:00.000000000
"amazing_nightingale",38.320679108671676,-36.66747041819692,2024-01-01 18:45:00.000000000
"amazing_nightingale",38.32065457570574,-36.66747374977928,2024-01-01 19:00:00.000000000
"amazing_nightingale",38.32058156897766,-36.66749828066205,2024-01-01 20:04:00.000000000
"amazing_nightingale",38.32068799818439,-36.66747642585061,2024-01-01 20:30:00.000000000
"amazing_nightingale",38.32069378720629,-36.66751214607447,2024-01-01 20:45:00.000000000
"amazing_nightingale",38.32072633198106,-36.66750962461477,2024-01-01 21:03:00.000000000
"amazing_nightingale",38.320721943020665,-36.66751438256209,2024-01-01 21:08:00.000000000
"amazing_nightingale",38.3207415198567,-36.66753972593283,2024-01-01 21:30:00.000000000
"amazing_nightingale",38.32074886804102,-36.667562681425046,2024-01-01 21:33:00.000000000
"amazing_nightingale",38.32074479474959,-36.66746288611626,2024-01-01 22:09:00.000000000
"amazing_nightingale",38.32063164978401,-36.667493425534346,2024-01-01 22:17:00.000000000
"amazing_nightingale",38.32056518956343,-36.667503688193406,2024-01-01 22:24:00.000000000
"awesome_shannon",38.32046080204341,-36.66745682685376,2024-01-01 22:58:00.000000000
"awesome_shannon",38.32041322163256,-36.66742805640294,2024-01-01 23:19:00.000000000
"awesome_shannon",38.320423040310196,-36.66749232772503,2024-01-01 23:41:00.000000000
"awesome_shannon",38.320406739774796,-36.66749197753144,2024-01-01 23:42:00.000000000
"blissful_panini",38.320137495197244,-36.666759978096614,2024-01-01 08:18:00.000000000
"blissful_panini",38.32013714741313,-36.66676431688349,2024-01-01 08:25:00.000000000
"blissful_panini",38.32005681049175,-36.66658512890933,2024-01-01 16:37:00.000000000
"blissful_panini",38.32008067856599,-36.666578779798485,2024-01-01 16:47:00.000000000
"blissful_panini",38.32007369484268,-36.66659376408056,2024-01-01 16:52:00.000000000
"clever_montalcini",38.32152888460278,-36.666553701876154,2024-01-01 10:50:00.000000000
"clever_montalcini",38.321510162960564,-36.66651589232103,2024-01-01 11:12:00.000000000
"clever_montalcini",38.32198341407562,-36.66653067421508,2024-01-01 19:12:00.000000000
"clever_montalcini",38.32198620182334,-36.66654537988446,2024-01-01 19:14:00.000000000
"compassionate_goldstine",38.32002098462951,-36.6677071084698,2024-01-01 11:24:00.000000000
"compassionate_goldstine",38.319983848829246,-36.66772408827182,2024-01-01 11:41:00.000000000
"compassionate_goldstine",38.32002656251393,-36.66772315417766,2024-01-01 11:45:00.000000000
"compassionate_goldstine",38.3199627978833,-36.6677382506794,2024-01-01 11:51:00.000000000
"compassionate_goldstine",38.32205273538517,-36.666935157963714,2024-01-01 13:08:00.000000000
"compassionate_goldstine",38.32209549118178,-36.667005715753795,2024-01-01 13:29:00.000000000
"competent_torvalds",38.320659311274014,-36.66722831882292,2024-01-01 13:14:00.000000000
"competent_torvalds",38.3220555633496,-36.66754133483998,2024-01-01 13:51:00.000000000
"competent_torvalds",38.32207472629764,-36.66759177651638,2024-01-01 13:52:00.000000000
"competent_torvalds",38.320666946131595,-36.667642669663216,2024-01-01 14:05:00.000000000
"competent_torvalds",38.32061256086402,-36.66779711078758,2024-01-01 14:07:00.000000000
"competent_torvalds",38.32069297087766,-36.66778972233187,2024-01-01 14:48:00.000000000
"competent_torvalds",38.32075249273572,-36.667776734950756,2024-01-01 15:13:00.000000000
"competent_torvalds",38.3207040085586,-36.667749450297464,2024-01-01 15:18:00.000000000
"competent_torvalds",38.320673578714555,-36.66770273311305,2024-01-01 15:25:00.000000000
"competent_torvalds",38.320651247991506,-36.66770050804406,2024-01-01 15:26:00.000000000
"competent_torvalds",38.32066130739845,-36.667701263601394,2024-01-01 15:37:00.000000000
"competent_torvalds",38.320665941080236,-36.6676787229417,2024-01-01 15:39:00.000000000
"competent_torvalds",38.32066814203584,-36.667705836467775,2024-01-01 15:54:00.000000000
"competent_torvalds",38.32068718556755,-36.667716449268625,2024-01-01 15:57:00.000000000
"competent_torvalds",38.32066419496476,-36.6677410809336,2024-01-01 16:03:00.000000000
"competent_torvalds",38.32058307606023,-36.66768269781416,2024-01-01 16:21:00.000000000
"competent_torvalds",38.320531090261156,-36.66766509763055,2024-01-01 17:07:00.000000000
"competent_torvalds",38.32058174063123,-36.66769535846271,2024-01-01 17:43:00.000000000
"competent_torvalds",38.320938194905644,-36.66748779957764,2024-01-01 18:31:00.000000000
"dreamy_euclid",38.32115404914222,-36.66623644615891,2024-01-01 12:39:00.000000000
"dreamy_euclid",38.320732912224685,-36.666757438903076,2024-01-01 22:43:00.000000000
"dreamy_euclid",38.320759662505004,-36.666751245806964,2024-01-01 22:44:00.000000000
"dreamy_euclid",38.320719357171534,-36.66680675375498,2024-01-01 22:59:00.000000000
"elastic_leakey",38.321694035512536,-36.667453428392044,2024-01-01 08:41:00.000000000
"elastic_leakey",38.321687504618126,-36.66745423272769,2024-01-01 08:44:00.000000000
"elastic_leakey",38.32049215033627,-36.667504355654216,2024-01-01 18:39:00.000000000
"elastic_leakey",38.320504658038985,-36.6674667939282,2024-01-01 18:41:00.000000000
"elastic_leakey",38.320447056944566,-36.66747973922638,2024-01-01 18:56:00.000000000
"elegant_clarke",38.32044366322252,-36.6669533839007,2024-01-01 22:46:00.000000000
"elegant_clarke",38.32039963231848,-36.666962426570755,2024-01-01 23:31:00.000000000
"elegant_clarke",38.32039936683477,-36.666953885433124,2024-01-01 23:34:00.000000000
"elegant_clarke",38.32047360637576,-36.66700215041936,2024-01-01 23:51:00.000000000
"eloquent_stallman",38.32167190675326,-36.66716770468933,2024-01-01 09:26:00.000000000
"eloquent_stallman",38.32165744038825,-36.66717418751492,2024-01-01 09:33:00.000000000
"eloquent_stallman",38.321757372538755,-36.6672041212001,2024-01-01 09:52:00.000000000
"eloquent_stallman",38.32173671688702,-36.6671969608815,2024-01-01 11:03:00.000000000
"eloquent_stallman",38.32124419002237,-36.66751100190982,2024-01-01 22:39:00.000000000
"fervent_kowalevski",38.320095438583465,-36.66657041342788,2024-01-01 11:40:00.000000000
"fervent_kowalevski",38.32084659676819,-36.667473634342045,2024-01-01 22:10:00.000000000
"fervent_kowalevski",38.32083454141479,-36.6674716156344,2024-01-01 22:13:00.000000000
"flamboyant_cori",38.32096197410254,-36.66755847697689,2024-01-01 20:10:00.000000000
"frosty_mcclintock",38.32136445388131,-36.667251547856175,2024-01-01 20:03:00.000000000
"frosty_mcclintock",38.32132950207738,-36.66730347320609,2024-01-01 20:12:00.000000000
"frosty_mcclintock",38.32133187882539,-36.667272760874155,2024-01-01 20:24:00.000000000
"frosty_mcclintock",38.32137682487731,-36.667341453623145,2024-01-01 20:57:00.000000000
"frosty_mcclintock",38.32140863750782,-36.66727108058833,2024-01-01 21:12:00.000000000
"frosty_mcclintock",38.32139561064866,-36.66731476503467,2024-01-01 22:02:00.000000000
"frosty_mcclintock",38.32138599695616,-36.667298452742564,2024-01-01 22:17:00.000000000
"frosty_mcclintock",38.32131204974573,-36.66730804400352,2024-01-01 22:34:00.000000000
"frosty_mcclintock",38.32133292634136,-36.66729546453919,2024-01-01 22:40:00.000000000
"frosty_mcclintock",38.32134406390025,-36.66724655212903,2024-01-01 22:46:00.000000000
"frosty_mcclintock",38.321376075524185,-36.667240110753326,2024-01-01 22:47:00.000000000
"frosty_mcclintock",38.32141000666819,-36.66733176298863,2024-01-01 23:16:00.000000000
"frosty_mcclintock",38.32139816601731,-36.66733119392486,2024-01-01 23:17:00.000000000
"frosty_mcclintock",38.32139258919525,-36.667328405309924,2024-01-01 23:38:00.000000000
"frosty_mcclintock",38.321353113070664,-36.66732110164291,2024-01-01 23:57:00.000000000
"gifted_galileo",38.32023937136086,-36.66726596908738,2024-01-01 10:00:00.000000000
"gifted_galileo",38.32019270915946,-36.6672339899509,2024-01-01 10:28:00.000000000
"gifted_galileo",38.32024094689436,-36.66718085828659,2024-01-01 11:08:00.000000000
"gifted_galileo",38.320233462034544,-36.66721388483704,2024-01-01 11:14:00.000000000
"gifted_galileo",38.31964655690823,-36.66618543617627,2024-01-01 12:30:00.000000000
"gifted_galileo",38.31982011375899,-36.66609888130176,2024-01-01 12:34:00.000000000
"gifted_galileo",38.31974664494874,-36.666193616665225,2024-01-01 12:42:00.000000000
"gifted_galileo",38.31980662410725,-36.666111442392705,2024-01-01 12:51:00.000000000
"gifted_galileo",38.31981185559619,-36.66612806970356,2024-01-01 12:53:00.000000000
"gifted_galileo",38.32221938056324,-36.66667311515115,2024-01-01 13:18:00.000000000
"gifted_galileo",38.321963525852205,-36.66603285944364,2024-01-01 13:33:00.000000000
"gifted_galileo",38.31996129082247,-36.66611741774629,2024-01-01 13:40:00.000000000
"gifted_galileo",38.320074182418324,-36.66613083017699,2024-01-01 13:50:00.000000000
"gifted_galileo",38.32188486872379,-36.66658175350523,2024-01-01 14:06:00.000000000
"gifted_galileo",38.32168549468152,-36.667159149079545,2024-01-01 14:20:00.000000000
"gifted_galileo",38.321719182645786,-36.667155999897375,2024-01-01 14:22:00.000000000
"gifted_galileo",38.321697436042996,-36.667127468454346,2024-01-01 14:25:00.000000000
"gifted_galileo",38.32131887856387,-36.6673277587455,2024-01-01 21:56:00.000000000
"gifted_galileo",38.321386599120885,-36.66730625490502,2024-01-01 23:03:00.000000000
"gracious_babbage",38.3210268328803,-36.66641402495695,2024-01-01 16:05:00.000000000
"gracious_babbage",38.32097891707569,-36.666439621973666,2024-01-01 16:14:00.000000000
"hungry_fermi",38.320855378120356,-36.667259706843495,2024-01-01 12:25:00.000000000
"hungry_fermi",38.32080249908738,-36.66732918151449,2024-01-01 12:29:00.000000000
"hungry_fermi",38.3221134743739,-36.667775417515294,2024-01-01 13:03:00.000000000
"hungry_fermi",38.32090206739396,-36.66713106125122,2024-01-01 13:21:00.000000000
"hungry_fermi",38.32089336605134,-36.66696643541697,2024-01-01 13:22:00.000000000
"hungry_fermi",38.32066193199235,-36.66730716136731,2024-01-01 13:33:00.000000000
"hungry_fermi",38.320859737815105,-36.667292057658,2024-01-01 13:44:00.000000000
"hungry_fermi",38.32091923198415,-36.667131284189736,2024-01-01 13:45:00.000000000
"hungry_fermi",38.321589442112426,-36.66724204104182,2024-01-01 14:27:00.000000000
"hungry_fermi",38.32160341116304,-36.66725309220725,2024-01-01 14:29:00.000000000
"hungry_fermi",38.32159756171843,-36.66741049944603,2024-01-01 14:35:00.000000000
"hungry_fermi",38.31980440730202,-36.667621360491815,2024-01-01 19:03:00.000000000
"hungry_fermi",38.319969036968764,-36.66761619735105,2024-01-01 20:01:00.000000000
"hungry_fermi",38.32048526904572,-36.66677437930231,2024-01-01 20:07:00.000000000
"hungry_fermi",38.32051791408385,-36.66674720429731,2024-01-01 20:14:00.000000000
"hungry_fermi",38.32049069735189,-36.666742464265006,2024-01-01 20:16:00.000000000
"hungry_fermi",38.32046425243365,-36.66669419936954,2024-01-01 20:31:00.000000000
"inspiring_beaver",38.322073579252304,-36.66768798994347,2024-01-01 13:15:00.000000000
"inspiring_beaver",38.32211593540403,-36.66787707857729,2024-01-01 13:25:00.000000000
"keen_murdock",38.32165165090545,-36.668042826158015,2024-01-01 12:10:00.000000000
"keen_murdock",38.32163421298693,-36.6680408339669,2024-01-01 12:11:00.000000000
"laughing_kapitsa",38.320890577237485,-36.66654486894744,2024-01-01 08:52:00.000000000
"lucid_euler",38.321047998331046,-36.66784889353607,2024-01-01 15:30:00.000000000
"lucid_euler",38.321088680839274,-36.667779275270206,2024-01-01 15:37:00.000000000
"lucid_euler",38.321106130366225,-36.667816403895124,2024-01-01 15:56:00.000000000
"lucid_euler",38.32108778421866,-36.66782363798114,2024-01-01 15:57:00.000000000
"lucid_euler",38.32129982609106,-36.667510989450086,2024-01-01 19:58:00.000000000
"lucid_euler",38.32125272931321,-36.667490292807564,2024-01-01 23:43:00.000000000
"nervous_shirley",38.32116383356039,-36.667782965414794,2024-01-01 16:14:00.000000000
"nervous_shirley",38.32119866049801,-36.66781812821085,2024-01-01 16:26:00.000000000
"nervous_shirley",38.32123667506757,-36.66784835964287,2024-01-01 16:35:00.000000000
"nervous_shirley",38.321205860123,-36.66784831904961,2024-01-01 16:42:00.000000000
"nervous_shirley",38.32124651525,-36.66783864178499,2024-01-01 16:47:00.000000000
"nostalgic_noether",38.32176493371343,-36.668027668450456,2024-01-01 18:25:00.000000000
"optimistic_liskov",38.32174990011969,-36.66643087477587,2024-01-01 14:42:00.000000000
"pedantic_jones",38.32019924856945,-36.6675891284743,2024-01-01 10:48:00.000000000
"pedantic_jones",38.320232701143055,-36.667581188156866,2024-01-01 10:49:00.000000000
"pedantic_jones",38.32016900201542,-36.66751707676832,2024-01-01 10:59:00.000000000
"pedantic_jones",38.32013978568819,-36.66753082250841,2024-01-01 11:00:00.000000000
"pedantic_jones",38.320136079201745,-36.667508752594436,2024-01-01 11:04:00.000000000
"pedantic_jones",38.32009198843395,-36.66755817946457,2024-01-01 11:14:00.000000000
"pedantic_jones",38.320137317453565,-36.66756834820785,2024-01-01 11:24:00.000000000
"pedantic_jones",38.32011762543261,-36.66756049079029,2024-01-01 11:25:00.000000000
"pedantic_jones",38.32013055120941,-36.667640159081316,2024-01-01 11:59:00.000000000
"pedantic_jones",38.3195644422333,-36.66749887222878,2024-01-01 12:10:00.000000000
"pedantic_jones",38.319581944608615,-36.66747747088254,2024-01-01 12:12:00.000000000
"pedantic_jones",38.319685598113985,-36.66674691367418,2024-01-01 12:34:00.000000000
"pedantic_jones",38.319734234747095,-36.666725288989525,2024-01-01 12:54:00.000000000
"pedantic_jones",38.31980202391916,-36.66673632381584,2024-01-01 12:59:00.000000000
"pedantic_jones",38.319624074611404,-36.666746349874686,2024-01-01 13:21:00.000000000
"pedantic_jones",38.31971007184678,-36.666772260334334,2024-01-01 13:27:00.000000000
"pedantic_jones",38.31957362980324,-36.667117997366944,2024-01-01 13:49:00.000000000
"pedantic_jones",38.320082508209275,-36.667260668343694,2024-01-01 14:06:00.000000000
"pedantic_jones",38.320054502964595,-36.667260814948754,2024-01-01 14:11:00.000000000
"pedantic_jones",38.31977859939506,-36.66682430551533,2024-01-01 19:58:00.000000000
"pedantic_jones",38.32044209003916,-36.666773587284034,2024-01-01 20:07:00.000000000
"pedantic_jones",38.320486315150774,-36.666775329063334,2024-01-01 20:44:00.000000000
"pedantic_jones",38.32049134378678,-36.666779264492384,2024-01-01 20:48:00.000000000
"pedantic_jones",38.32048573672213,-36.66677586479406,2024-01-01 21:26:00.000000000
"pedantic_jones",38.32047575081953,-36.6667650576671,2024-01-01 21:29:00.000000000
"pedantic_jones",38.32051597239274,-36.666799724824756,2024-01-01 21:30:00.000000000
"pedantic_jones",38.32051532677422,-36.666792809618755,2024-01-01 21:51:00.000000000
"pedantic_jones",38.320523987497985,-36.66681646377015,2024-01-01 22:03:00.000000000
"pedantic_jones",38.32044691464876,-36.6667258246463,2024-01-01 22:27:00.000000000
"pedantic_jones",38.32044982135353,-36.66673441624966,2024-01-01 22:57:00.000000000
"practical_haibt",38.320128601731824,-36.666707408076924,2024-01-01 10:51:00.000000000
"practical_haibt",38.32019775745045,-36.666696963440984,2024-01-01 10:58:00.000000000
"practical_haibt",38.320136539326214,-36.666808216407546,2024-01-01 11:30:00.000000000
"practical_haibt",38.32012752884142,-36.666822583498096,2024-01-01 11:56:00.000000000
"practical_haibt",38.319697052260715,-36.6667750753757,2024-01-01 12:02:00.000000000
"practical_haibt",38.31958147107071,-36.666736208798035,2024-01-01 12:03:00.000000000
"practical_haibt",38.31961159052063,-36.66675226104133,2024-01-01 12:05:00.000000000
"practical_haibt",38.320701135787104,-36.667090018418726,2024-01-01 12:43:00.000000000
"practical_haibt",38.320951741065805,-36.66696815458739,2024-01-01 13:16:00.000000000
"practical_haibt",38.32070199431084,-36.666923427729984,2024-01-01 13:22:00.000000000
"practical_haibt",38.320799714437165,-36.666985265575896,2024-01-01 13:28:00.000000000
"practical_haibt",38.32074621503022,-36.66717548858613,2024-01-01 13:57:00.000000000
"practical_haibt",38.32002164466187,-36.666708638457,2024-01-01 14:47:00.000000000
"practical_haibt",38.32005212686165,-36.66677164661743,2024-01-01 15:15:00.000000000
"quirky_elbakyan",38.32119540599699,-36.66638617157243,2024-01-01 09:35:00.000000000
"quirky_elbakyan",38.321211932639244,-36.66642282985757,2024-01-01 09:46:00.000000000
"quirky_elbakyan",38.3212287912084,-36.66642352566267,2024-01-01 09:57:00.000000000
"quirky_elbakyan",38.32124048206689,-36.66643384211103,2024-01-01 10:09:00.000000000
"quirky_elbakyan",38.32132464289409,-36.66703539436899,2024-01-01 20:54:00.000000000
"quirky_elbakyan",38.32130462820952,-36.667027631026635,2024-01-01 20:56:00.000000000
"quirky_elbakyan",38.321375201582065,-36.66700891069313,2024-01-01 20:59:00.000000000
"quirky_elbakyan",38.321347353370605,-36.666995730448484,2024-01-01 22:54:00.000000000
"quirky_elbakyan",38.32135293881577,-36.66701509576979,2024-01-01 23:05:00.000000000
"quirky_elbakyan",38.32135731121819,-36.66698929207861,2024-01-01 23:06:00.000000000
"quirky_elbakyan",38.32132275245522,-36.667039486831165,2024-01-01 23:26:00.000000000
"quirky_elbakyan",38.321325311569154,-36.66704288434857,2024-01-01 23:43:00.000000000
"quirky_elbakyan",38.321331675219575,-36.66702153207643,2024-01-01 23:59:00.000000000
"stoic_almeida",38.321732276793384,-36.66733150908754,2024-01-01 15:32:00.000000000
"stoic_almeida",38.32172074183912,-36.667332363895895,2024-01-01 15:46:00.000000000
"stoic_almeida",38.32183119230433,-36.667372699608755,2024-01-01 15:54:00.000000000
"stoic_almeida",38.32134984445687,-36.66750365341093,2024-01-01 20:26:00.000000000
"stoic_almeida",38.321335232779795,-36.66754678853699,2024-01-01 21:20:00.000000000
"stoic_almeida",38.32106284672516,-36.667507950250524,2024-01-01 21:31:00.000000000
"stupefied_zhukovsky",38.32104547621773,-36.66776411349116,2024-01-01 09:01:00.000000000
"stupefied_zhukovsky",38.321057755592605,-36.667761284722495,2024-01-01 09:23:00.000000000
"stupefied_zhukovsky",38.32108125215874,-36.66774608553969,2024-01-01 09:36:00.000000000
"stupefied_zhukovsky",38.321069946332564,-36.66774353186242,2024-01-01 09:41:00.000000000
"stupefied_zhukovsky",38.32105409837415,-36.66775743675607,2024-01-01 09:45:00.000000000
"stupefied_zhukovsky",38.32101902930323,-36.66772692967421,2024-01-01 09:50:00.000000000
"stupefied_zhukovsky",38.32095263817715,-36.66769779777881,2024-01-01 10:33:00.000000000
"stupefied_zhukovsky",38.32095828656895,-36.667724494308914,2024-01-01 10:37:00.000000000
"stupefied_zhukovsky",38.32094381763801,-36.6677200011524,2024-01-01 10:48:00.000000000
"stupefied_zhukovsky",38.32103103457545,-36.666558362931866,2024-01-01 11:17:00.000000000
"stupefied_zhukovsky",38.321032356250605,-36.666564657361135,2024-01-01 11:24:00.000000000
"stupefied_zhukovsky",38.32098427506312,-36.66657109265102,2024-01-01 11:29:00.000000000
"stupefied_zhukovsky",38.3209965789025,-36.66657204581863,2024-01-01 11:49:00.000000000
"stupefied_zhukovsky",38.321027996034324,-36.66655799450818,2024-01-01 11:50:00.000000000
"stupefied_zhukovsky",38.321980688255074,-36.66817238999354,2024-01-01 12:14:00.000000000
"stupefied_zhukovsky",38.32168809755187,-36.6665411182602,2024-01-01 15:30:00.000000000
"stupefied_zhukovsky",38.32177887183713,-36.66655823543359,2024-01-01 15:41:00.000000000
"stupefied_zhukovsky",38.32175950077522,-36.666544318572534,2024-01-01 15:45:00.000000000
"stupefied_zhukovsky",38.32176847295279,-36.66652070244968,2024-01-01 15:59:00.000000000
"stupefied_zhukovsky",38.32174214334266,-36.6665551022252,2024-01-01 16:00:00.000000000
"stupefied_zhukovsky",38.321773521737306,-36.6665318750516,2024-01-01 16:05:00.000000000
"stupefied_zhukovsky",38.32179349153176,-36.66649646504325,2024-01-01 16:35:00.000000000
"stupefied_zhukovsky",38.321819746386204,-36.666600632989066,2024-01-01 17:13:00.000000000
"stupefied_zhukovsky",38.32181744363121,-36.666605336687915,2024-01-01 17:17:00.000000000
"stupefied_zhukovsky",38.32181646446375,-36.66656201669576,2024-01-01 17:25:00.000000000
"stupefied_zhukovsky",38.3217665985108,-36.666562109760584,2024-01-01 17:26:00.000000000
"stupefied_zhukovsky",38.32173772804121,-36.66656167936813,2024-01-01 17:31:00.000000000
"stupefied_zhukovsky",38.32172218818913,-36.66658703542248,2024-01-01 17:50:00.000000000
"stupefied_zhukovsky",38.321402884909325,-36.66676165147662,2024-01-01 18:15:00.000000000
"stupefied_zhukovsky",38.32141722271009,-36.66679980227914,2024-01-01 18:17:00.000000000
"stupefied_zhukovsky",38.321390582710826,-36.66679205188504,2024-01-01 18:33:00.000000000
"stupefied_zhukovsky",38.32132690505247,-36.666687640762625,2024-01-01 20:36:00.000000000
"stupefied_zhukovsky",38.32134418696418,-36.666726570473806,2024-01-01 20:54:00.000000000
"stupefied_zhukovsky",38.321212298878024,-36.666751717364626,2024-01-01 21:20:00.000000000
"stupefied_zhukovsky",38.321177482004046,-36.666753442466344,2024-01-01 21:25:00.000000000
"stupefied_zhukovsky",38.321178744189176,-36.666730332954565,2024-01-01 21:28:00.000000000
"stupefied_zhukovsky",38.32116062925263,-36.66674445597394,2024-01-01 21:30:00.000000000
"stupefied_zhukovsky",38.32121867735692,-36.66679025255075,2024-01-01 22:02:00.000000000
"stupefied_zhukovsky",38.321170449623686,-36.66674539403495,2024-01-01 22:43:00.000000000
"stupefied_zhukovsky",38.32121666252728,-36.6667313041935,2024-01-01 22:48:00.000000000
"stupefied_zhukovsky",38.32122341339644,-36.6667472020562,2024-01-01 22:52:00.000000000
"stupefied_zhukovsky",38.32121256593143,-36.66675861703866,2024-01-01 23:06:00.000000000
"stupefied_zhukovsky",38.321221042530084,-36.666781297608786,2024-01-01 23:22:00.000000000
"stupefied_zhukovsky",38.32122554241962,-36.666738549412095,2024-01-01 23:30:00.000000000
"tender_yonath",38.32181517985542,-36.66782682958756,2024-01-01 17:56:00.000000000
"tender_yonath",38.31985751978393,-36.66696307628582,2024-01-01 18:16:00.000000000
"tender_yonath",38.31990123511629,-36.666327389863206,2024-01-01 18:18:00.000000000
"tender_yonath",38.321866279453864,-36.666278878164874,2024-01-01 18:26:00.000000000
"tender_yonath",38.32179165623882,-36.66616050590497,2024-01-01 18:27:00.000000000
"tender_yonath",38.32175927073627,-36.666053052166696,2024-01-01 18:38:00.000000000
"tender_yonath",38.32174543679855,-36.66617527596659,2024-01-01 18:45:00.000000000
"tender_yonath",38.32175081995293,-36.66609815831177,2024-01-01 18:46:00.000000000
"tender_yonath",38.32172662535892,-36.666112529304286,2024-01-01 18:55:00.000000000
"tender_yonath",38.32171930704833,-36.666103240717796,2024-01-01 18:59:00.000000000
"tender_yonath",38.32180867988392,-36.66607997399675,2024-01-01 19:07:00.000000000
"tender_yonath",38.321770599864394,-36.66625140722118,2024-01-01 19:12:00.000000000
"tender_yonath",38.32184555433253,-36.6661882621268,2024-01-01 19:20:00.000000000
"tender_yonath",38.32186694186582,-36.66608185942984,2024-01-01 19:24:00.000000000
"tender_yonath",38.3218241852377,-36.66619536374264,2024-01-01 19:26:00.000000000
"tender_yonath",38.32181620529799,-36.66622874053467,2024-01-01 19:28:00.000000000
"tender_yonath",38.32177009284718,-36.66614500287231,2024-01-01 19:31:00.000000000
"tender_yonath",38.32177288562133,-36.66623969548404,2024-01-01 19:39:00.000000000
"tender_yonath",38.32064901237096,-36.66621164825261,2024-01-01 19:56:00.000000000
"tender_yonath",38.32062696264738,-36.666200484552434,2024-01-01 20:00:00.000000000
"tender_yonath",38.32067317339117,-36.666624145852545,2024-01-01 20:01:00.000000000
"tender_yonath",38.32098648403464,-36.666764653232576,2024-01-01 20:13:00.000000000
"tender_yonath",38.320968347535675,-36.66674465271232,2024-01-01 20:18:00.000000000
"tender_yonath",38.320932310083364,-36.666727211002396,2024-01-01 20:41:00.000000000
"tender_yonath",38.32092514750725,-36.66675350561163,2024-01-01 20:59:00.000000000
"tender_yonath",38.32091436853415,-36.66673437007128,2024-01-01 21:01:00.000000000
"tender_yonath",38.320933173910994,-36.66673961885812,2024-01-01 21:05:00.000000000
"tender_yonath",38.32090408402572,-36.66672280031725,2024-01-01 21:08:00.000000000
"tender_yonath",38.32088781529952,-36.66671840470255,2024-01-01 21:12:00.000000000
"tender_yonath",38.32092293441778,-36.66672996239849,2024-01-01 21:15:00.000000000
"tender_yonath",38.32098929343137,-36.666811095683784,2024-01-01 21:30:00.000000000
"tender_yonath",38.320982172515734,-36.66680998084962,2024-01-01 21:41:00.000000000
"tender_yonath",38.32099043986852,-36.666721098648225,2024-01-01 22:02:00.000000000
"tender_yonath",38.32095435232816,-36.66673273105207,2024-01-01 22:03:00.000000000
"tender_yonath",38.32094001230456,-36.666742723037466,2024-01-01 22:13:00.000000000
"tender_yonath",38.320944272619556,-36.66672740350358,2024-01-01 22:22:00.000000000
"tender_yonath",38.32096088683352,-36.66678738969701,2024-01-01 22:47:00.000000000
"tender_yonath",38.32094863995822,-36.66678325740691,2024-01-01 22:49:00.000000000
"tender_yonath",38.32100771088985,-36.66678201757848,2024-01-01 22:58:00.000000000
"trusting_zhukovsky",38.321801776982895,-36.666508068476055,2024-01-01 16:13:00.000000000
"trusting_zhukovsky",38.3217875590934,-36.666516234350965,2024-01-01 16:29:00.000000000
"trusting_zhukovsky",38.32178380013066,-36.66649731279564,2024-01-01 16:31:00.000000000
"trusting_zhukovsky",38.32180696910274,-36.66658236564989,2024-01-01 16:48:00.000000000
"trusting_zhukovsky",38.32165959636274,-36.66658925484192,2024-01-01 16:51:00.000000000
"trusting_zhukovsky",38.32082716175274,-36.666131998467016,2024-01-01 19:33:00.000000000
"trusting_zhukovsky",38.32078036650423,-36.666154904598336,2024-01-01 19:39:00.000000000
"trusting_zhukovsky",38.31985167822942,-36.667656170501985,2024-01-01 19:51:00.000000000
"vigorous_austin",38.321734992769436,-36.66612015317107,2024-01-01 18:23:00.000000000
"vigorous_austin",38.32176450891437,-36.66612307646078,2024-01-01 18:27:00.000000000
"vigorous_austin",38.321823735778,-36.666121294767244,2024-01-01 18:30:00.000000000
"vigorous_austin",38.32068205936124,-36.666454405679644,2024-01-01 18:33:00.000000000
"vigorous_austin",38.3204484744339,-36.667243924752256,2024-01-01 18:38:00.000000000
"vigorous_austin",38.320441653693194,-36.66725445329076,2024-01-01 18:40:00.000000000
"vigorous_austin",38.32049708585599,-36.66723761972622,2024-01-01 18:54:00.000000000
"vigorous_austin",38.320472065228365,-36.66723201361857,2024-01-01 19:45:00.000000000
"vigorous_austin",38.320382867407005,-36.66723905029171,2024-01-01 22:54:00.000000000
"vigorous_austin",38.32039774174259,-36.66726804329364,2024-01-01 23:18:00.000000000
"vigorous_austin",38.32041319010383,-36.66727212588856,2024-01-01 23:22:00.000000000
"vigorous_austin",38.32038662762538,-36.66721063790044,2024-01-01 23:35:00.000000000
"vigorous_austin",38.32042796334457,-36.66724087304601,2024-01-01 23:43:00.000000000
"vigorous_austin",38.32049353959308,-36.66722302727891,2024-01-01 23:53:00.000000000
"wonderful_bell",38.31999614956481,-36.667466603898404,2024-01-01 16:43:00.000000000
"wonderful_bell",38.31998807277983,-36.667504425162086,2024-01-01 16:49:00.000000000
"wonderful_bell",38.32071924856871,-36.66678522651897,2024-01-01 18:31:00.000000000
"wonderful_bell",38.32074309771398,-36.66675965910582,2024-01-01 18:33:00.000000000
"wonderful_bell",38.320755909062456,-36.6667851017551,2024-01-01 18:47:00.000000000
"youthful_boyd",38.320222033953584,-36.6665354872257,2024-01-01 08:29:00.000000000
"youthful_boyd",38.320170800402316,-36.66660491149664,2024-01-01 08:45:00.000000000
"youthful_boyd",38.32015993715243,-36.66656896086603,2024-01-01 08:46:00.000000000
"youthful_boyd",38.32017022272698,-36.66656528492949,2024-01-01 08:48:00.000000000
"zen_colden",38.319885918922104,-36.66677607796511,2024-01-01 12:32:00.000000000
"zen_colden",38.3202208944244,-36.66796454888266,2024-01-01 12:36:00.000000000
"zen_colden",38.32099839407346,-36.66802952318546,2024-01-01 13:03:00.000000000
"zen_colden",38.320824283360004,-36.66802017755367,2024-01-01 13:06:00.000000000
"zen_colden",38.3207967339286,-36.66806182927644,2024-01-01 13:07:00.000000000
"zen_colden",38.32090338775618,-36.6680345533711,2024-01-01 13:11:00.000000000
"zen_colden",38.32109319810876,-36.66806443035512,2024-01-01 13:13:00.000000000
"zen_colden",38.32095578449936,-36.66800824523894,2024-01-01 13:19:00.000000000
"zen_colden",38.321090733184434,-36.66816863769065,2024-01-01 13:28:00.000000000
"zen_colden",38.321151095410784,-36.66816182273484,2024-01-01 14:00:00.000000000
"zen_colden",38.32169261004202,-36.667556291571074,2024-01-01 14:09:00.000000000
"zen_colden",38.321764579464315,-36.66756113554922,2024-01-01 14:17:00.000000000
"zen_colden",38.32176156508596,-36.66763552087726,2024-01-01 14:20:00.000000000
"zen_colden",38.321701324835445,-36.667670014693186,2024-01-01 14:29:00.000000000
"zen_colden",38.32175744314803,-36.66765124379404,2024-01-01 14:46:00.000000000
"zen_colden",38.32172556453375,-36.667658897735286,2024-01-01 14:52:00.000000000
"zen_colden",38.32159755908292,-36.66757728808561,2024-01-01 15:02:00.000000000
"zen_colden",38.32159330802836,-36.66752819222356,2024-01-01 15:34:00.000000000
"zen_colden",38.32163315077872,-36.66757063302048,2024-01-01 15:42:00.000000000
"zen_colden",38.321663356233586,-36.6675140807168,2024-01-01 15:54:00.000000000
"zen_colden",38.32160285212787,-36.6674909103444,2024-01-01 16:15:00.000000000
"zen_colden",38.32183921833913,-36.667779751880296,2024-01-01 16:40:00.000000000
"zen_colden",38.32184680446724,-36.667732894692094,2024-01-01 17:00:00.000000000
"zen_colden",38.32182592320073,-36.66773451621378,2024-01-01 17:13:00.000000000
"zen_colden",38.32178347379084,-36.667697331503554,2024-01-01 17:25:00.000000000
"zen_colden",38.32063627718653,-36.66756737626512,2024-01-01 19:44:00.000000000
"zen_colden",38.3206448833076,-36.6675170637875,2024-01-01 20:55:00.000000000
"zen_colden",38.320666356144365,-36.667536142422826,2024-01-01 21:09:00.000000000
"zen_colden",38.32072063095212,-36.667552778468945,2024-01-01 21:26:00.000000000
"zen_colden",38.32066681694834,-36.66751310042742,2024-01-01 21:56:00.000000000
"zen_colden",38.32071685651358,-36.667490974753605,2024-01-01 22:02:00.000000000
"zen_colden",38.32073266738401,-36.66746531410036,2024-01-01 22:14:00.000000000
"zen_colden",38.320693603958915,-36.66747943546855,2024-01-01 22:15:00.000000000
"zen_colden",38.3206176538089,-36.66755653091787,2024-01-01 22:35:00.000000000
"zen_colden",38.32056926694536,-36.66754072378862,2024-01-01 22:38:00.000000000
"zen_colden",38.32053893946286,-36.66756259391557,2024-01-01 23:01:00.000000000
"zen_colden",38.32052167505284,-36.66757623998388,2024-01-01 23:02:00.000000000
"zen_colden",38.3207413100397,-36.66755313617316,2024-01-01 23:32:00.000000000
"zen_colden",38.320720988520215,-36.667502424976796,2024-01-01 23:45:00.000000000
"zen_colden",38.32071373681905,-36.667493364539766,2024-01-01 23:51:00.000000000
"adoring_einstein",38.320099454641024,-36.66747007718162,2024-01-01 09:42:00.000000000
"adoring_einstein",38.320114806792844,-36.667488306208625,2024-01-01 09:46:00.000000000
"adoring_einstein",38.320112681749166,-36.667560091121835,2024-01-01 10:01:00.000000000
"adoring_einstein",38.320122543474376,-36.66756247466176,2024-01-01 10:14:00.000000000
"adoring_einstein",38.32021904710807,-36.666566373408784,2024-01-01 10:22:00.000000000
"adoring_einstein",38.32082787005793,-36.666492607490255,2024-01-01 14:18:00.000000000
"adoring_einstein",38.320864315582284,-36.666479546760186,2024-01-01 14:20:00.000000000
"adoring_einstein",38.3209494036112,-36.666519795691386,2024-01-01 14:54:00.000000000
"adoring_einstein",38.32099195813875,-36.6665708588447,2024-01-01 15:13:00.000000000
"adoring_einstein",38.32098152438873,-36.666591688686175,2024-01-01 15:16:00.000000000
"adoring_einstein",38.32100011770069,-36.66657460692266,2024-01-01 15:20:00.000000000
"adoring_einstein",38.32099014179457,-36.6665699545928,2024-01-01 15:21:00.000000000
"adoring_einstein",38.32102645831849,-36.66675714533222,2024-01-01 23:36:00.000000000
"adoring_einstein",38.321023871879454,-36.66676387579485,2024-01-01 23:38:00.000000000
"adoring_einstein",38.321006423572655,-36.666752589733214,2024-01-01 23:39:00.000000000
"agitated_golick",38.32183792037491,-36.667290778172,2024-01-01 10:18:00.000000000
"agitated_golick",38.321827329777385,-36.66731894639294,2024-01-01 10:27:00.000000000
"agitated_golick",38.32185462793845,-36.66733941403229,2024-01-01 10:32:00.000000000
"agitated_golick",38.3218230101655,-36.667334721938886,2024-01-01 10:42:00.000000000
"agitated_golick",38.32183503989402,-36.66732925031621,2024-01-01 10:48:00.000000000
"agitated_golick",38.32184620590413,-36.667325397929815,2024-01-01 10:49:00.000000000
"agitated_golick",38.32183598445172,-36.66736595784924,2024-01-01 11:44:00.000000000
"agitated_golick",38.319695757139115,-36.66810080945827,2024-01-01 12:08:00.000000000
"agitated_golick",38.31958361135514,-36.66813927026291,2024-01-01 12:09:00.000000000
"agitated_golick",38.31958507851914,-36.66812056884624,2024-01-01 12:12:00.000000000
"agitated_golick",38.31974166147452,-36.6681253498729,2024-01-01 12:21:00.000000000
"agitated_golick",38.31978904117892,-36.66814676212111,2024-01-01 12:44:00.000000000
"agitated_golick",38.32074694983688,-36.66712575416995,2024-01-01 13:01:00.000000000
"agitated_golick",38.32097196532008,-36.66698854161748,2024-01-01 13:10:00.000000000
"agitated_golick",38.32112887773935,-36.66757681621778,2024-01-01 13:33:00.000000000
"agitated_golick",38.32022503380883,-36.66821926680283,2024-01-01 13:40:00.000000000
"agitated_golick",38.32184841657043,-36.66737917838151,2024-01-01 15:20:00.000000000
"agitated_golick",38.321841410208606,-36.667363798017035,2024-01-01 15:23:00.000000000
"agitated_golick",38.321849324049865,-36.66737300232152,2024-01-01 15:32:00.000000000
"agitated_golick",38.32184796729876,-36.667380600601355,2024-01-01 15:47:00.000000000
"agitated_golick",38.32184383062211,-36.667392708526606,2024-01-01 15:49:00.000000000
"agitated_golick",38.32184358391719,-36.66736010554002,2024-01-01 15:55:00.000000000
"agitated_golick",38.32185497994859,-36.66736098213168,2024-01-01 16:06:00.000000000
"agitated_golick",38.321771948889975,-36.66732349001788,2024-01-01 16:37:00.000000000
"agitated_golick",38.32173995833531,-36.667286744041675,2024-01-01 16:40:00.000000000
"agitated_golick",38.32180838075796,-36.667277825489705,2024-01-01 16:47:00.000000000
"agitated_golick",38.32077821691205,-36.66692698136916,2024-01-01 19:48:00.000000000
"agitated_golick",38.32082634873653,-36.66706299108775,2024-01-01 19:55:00.000000000
"agitated_golick",38.32135006728197,-36.666981711116655,2024-01-01 20:02:00.000000000
"blissful_lewin",38.3199846456763,-36.66785189644754,2024-01-01 09:24:00.000000000
"blissful_lewin",38.320062520006516,-36.66779581002535,2024-01-01 09:46:00.000000000
"blissful_lewin",38.32004353892429,-36.66779562779167,2024-01-01 09:51:00.000000000
"blissful_lewin",38.32005941900291,-36.66783113696672,2024-01-01 10:02:00.000000000
"blissful_lewin",38.31999897142694,-36.66769213647049,2024-01-01 10:13:00.000000000
"blissful_lewin",38.3199932625998,-36.667727558110705,2024-01-01 10:17:00.000000000
"blissful_lewin",38.319976169004676,-36.66768514518982,2024-01-01 10:21:00.000000000
"blissful_lewin",38.319966850631545,-36.66771870785564,2024-01-01 10:28:00.000000000
"blissful_lewin",38.32095771158977,-36.66760169066824,2024-01-01 10:34:00.000000000
"blissful_lewin",38.321251473478966,-36.66718133007742,2024-01-01 10:36:00.000000000
"blissful_lewin",38.32173166857487,-36.66679490970406,2024-01-01 10:42:00.000000000
"blissful_lewin",38.31981003631431,-36.66624993527364,2024-01-01 12:35:00.000000000
"blissful_lewin",38.32007457395208,-36.66670064351382,2024-01-01 15:28:00.000000000
"blissful_lewin",38.32019610137469,-36.66662751414767,2024-01-01 15:30:00.000000000
"blissful_lewin",38.32022328641799,-36.66662113676706,2024-01-01 16:37:00.000000000
"blissful_lewin",38.32020372596398,-36.666620628201315,2024-01-01 17:00:00.000000000
"blissful_lewin",38.320092128616686,-36.66663069979613,2024-01-01 17:11:00.000000000
"blissful_lewin",38.320081432322475,-36.66666073372086,2024-01-01 17:13:00.000000000
"blissful_lewin",38.320551535368374,-36.66747631476681,2024-01-01 19:52:00.000000000
"blissful_lewin",38.32066649010724,-36.66754176437451,2024-01-01 20:00:00.000000000
"blissful_lewin",38.32067046134956,-36.66756206890508,2024-01-01 20:04:00.000000000
"blissful_lewin",38.32065073502111,-36.66752989796682,2024-01-01 20:07:00.000000000
"blissful_lewin",38.32069504568959,-36.66753776681966,2024-01-01 20:19:00.000000000
"blissful_lewin",38.320687804978014,-36.667540661031445,2024-01-01 20:23:00.000000000
"cocky_sammet",38.32180404482531,-36.66727875505096,2024-01-01 08:20:00.000000000
"cocky_sammet",38.32138210191524,-36.667508265070715,2024-01-01 18:45:00.000000000
"cocky_sammet",38.32141491629622,-36.667561774182865,2024-01-01 18:59:00.000000000
"cocky_sammet",38.321429233435914,-36.6674949392003,2024-01-01 20:48:00.000000000
"competent_williams",38.320377922807296,-36.66657180832131,2024-01-01 11:35:00.000000000
"competent_williams",38.32089703875144,-36.66712412569513,2024-01-01 13:57:00.000000000
"competent_williams",38.320040909601495,-36.66721249449207,2024-01-01 17:28:00.000000000
"competent_williams",38.320039420678256,-36.66719678602456,2024-01-01 17:33:00.000000000
"competent_williams",38.32000480925501,-36.66720055703968,2024-01-01 17:56:00.000000000
"competent_williams",38.320016375464,-36.667204196628475,2024-01-01 17:58:00.000000000
"competent_williams",38.320421557007926,-36.666945838342365,2024-01-01 21:00:00.000000000
"competent_williams",38.320433470480864,-36.66701399874979,2024-01-01 22:42:00.000000000
"cranky_bohr",38.32018175897943,-36.666923794028826,2024-01-01 17:14:00.000000000
"cranky_bohr",38.320107312944614,-36.66699718682223,2024-01-01 17:24:00.000000000
"cranky_bohr",38.320172860704986,-36.66702028364849,2024-01-01 17:28:00.000000000
"determined_engelbart",38.321794025996304,-36.667809103304045,2024-01-01 09:55:00.000000000
"determined_engelbart",38.321812087141325,-36.66783095905346,2024-01-01 10:03:00.000000000
"determined_engelbart",38.3217884339962,-36.6677925181545,2024-01-01 10:22:00.000000000
"determined_engelbart",38.3218025924586,-36.66777977335551,2024-01-01 10:29:00.000000000
"determined_engelbart",38.32176768610952,-36.66787573681407,2024-01-01 11:17:00.000000000
"determined_engelbart",38.3217769779939,-36.6678890872192,2024-01-01 11:31:00.000000000
"determined_engelbart",38.32179712145453,-36.66789789233573,2024-01-01 11:36:00.000000000
"determined_engelbart",38.32175577737717,-36.667853048011494,2024-01-01 11:37:00.000000000
"determined_engelbart",38.321755618145296,-36.66787538687822,2024-01-01 11:38:00.000000000
"determined_engelbart",38.32175253620593,-36.66785031543258,2024-01-01 11:39:00.000000000
"determined_engelbart",38.321733435165875,-36.66787155618381,2024-01-01 11:42:00.000000000
"determined_engelbart",38.32185663672574,-36.66786027674457,2024-01-01 11:53:00.000000000
"determined_engelbart",38.32196304020371,-36.667572534624625,2024-01-01 12:01:00.000000000
"determined_engelbart",38.32198578243389,-36.667510963917174,2024-01-01 12:06:00.000000000
"determined_engelbart",38.322035952480384,-36.667563615264164,2024-01-01 12:08:00.000000000
"determined_engelbart",38.32199942880884,-36.66766324644311,2024-01-01 12:09:00.000000000
"determined_engelbart",38.32173719683049,-36.66752590903769,2024-01-01 14:04:00.000000000
"determined_engelbart",38.32166966029778,-36.66752240540095,2024-01-01 14:20:00.000000000
"determined_engelbart",38.32177404445882,-36.667529514507535,2024-01-01 14:28:00.000000000
"determined_engelbart",38.321784561491796,-36.66752006790249,2024-01-01 14:34:00.000000000
"determined_engelbart",38.321768225825515,-36.66752360403506,2024-01-01 14:41:00.000000000
"determined_engelbart",38.32173144274065,-36.66758102418155,2024-01-01 16:36:00.000000000
"determined_engelbart",38.32172073702453,-36.667588610922756,2024-01-01 16:41:00.000000000
"determined_engelbart",38.32171292810951,-36.66760461448407,2024-01-01 16:53:00.000000000
"determined_engelbart",38.321689773828815,-36.66760128623139,2024-01-01 17:09:00.000000000
"determined_engelbart",38.321735235134106,-36.66761538709458,2024-01-01 17:44:00.000000000
"determined_engelbart",38.321741377222985,-36.667608196095,2024-01-01 17:45:00.000000000
"determined_engelbart",38.32109553696469,-36.66674415105098,2024-01-01 18:20:00.000000000
"determined_engelbart",38.32111565859358,-36.666700144731934,2024-01-01 18:23:00.000000000
"dreamy_jones",38.3210188954093,-36.66774651243937,2024-01-01 09:46:00.000000000
"dreamy_jones",38.321842947314764,-36.666837318769865,2024-01-01 17:08:00.000000000
"ecstatic_mirzakhani",38.32175811294054,-36.66678442746263,2024-01-01 17:38:00.000000000
"ecstatic_mirzakhani",38.32163690701773,-36.66679303630664,2024-01-01 17:46:00.000000000
"ecstatic_mirzakhani",38.3221048201897,-36.66721186475932,2024-01-01 18:36:00.000000000
"elated_stallman",38.32123335064039,-36.66774734434761,2024-01-01 11:27:00.000000000
"elated_stallman",38.32125440795121,-36.66774811714848,2024-01-01 11:28:00.000000000
"elated_stallman",38.32118897560692,-36.667779973149194,2024-01-01 11:33:00.000000000
"elated_stallman",38.32123178115172,-36.66770296381049,2024-01-01 11:44:00.000000000
"elated_stallman",38.32121261599739,-36.66771504081141,2024-01-01 11:45:00.000000000
"elated_stallman",38.321231521286734,-36.66771504401165,2024-01-01 11:48:00.000000000
"elated_stallman",38.32123386928938,-36.66770309148314,2024-01-01 11:53:00.000000000
"elated_stallman",38.32100010359463,-36.66712357685299,2024-01-01 12:08:00.000000000
"elated_stallman",38.32090382756071,-36.66717814552443,2024-01-01 12:11:00.000000000
"elated_stallman",38.32072064239882,-36.66728964385481,2024-01-01 12:18:00.000000000
"elated_stallman",38.32077967844541,-36.66706247557471,2024-01-01 12:29:00.000000000
"elated_stallman",38.32132302136606,-36.66750469009528,2024-01-01 21:56:00.000000000
"elated_stallman",38.32135697529532,-36.667506008806335,2024-01-01 21:57:00.000000000
"elated_stallman",38.321338147305994,-36.667559213692634,2024-01-01 22:11:00.000000000
"elated_stallman",38.32135850552083,-36.66751688066923,2024-01-01 22:20:00.000000000
"elated_stallman",38.321382235695424,-36.66752847589079,2024-01-01 22:29:00.000000000
"elated_stallman",38.321378797566666,-36.66753980523635,2024-01-01 22:32:00.000000000
"elated_stallman",38.321389188659104,-36.66756111218031,2024-01-01 22:39:00.000000000
"elated_stallman",38.321453008653805,-36.66754341863105,2024-01-01 22:50:00.000000000
"elated_stallman",38.32141431170904,-36.66753086397505,2024-01-01 22:58:00.000000000
"elated_stallman",38.32145717131933,-36.66754706369652,2024-01-01 23:00:00.000000000
"elated_stallman",38.32143679061321,-36.667560857494344,2024-01-01 23:12:00.000000000
"elated_stallman",38.32142105482374,-36.66757711102035,2024-01-01 23:28:00.000000000
"elated_stallman",38.321405936051434,-36.667557160339875,2024-01-01 23:39:00.000000000
"epic_bartik",38.3201500824364,-36.66785793905107,2024-01-01 09:56:00.000000000
"epic_bartik",38.32014795713296,-36.66783672065112,2024-01-01 10:01:00.000000000
"epic_bartik",38.3201492248627,-36.667810171330295,2024-01-01 10:06:00.000000000
"epic_bartik",38.32012159142382,-36.667310467684295,2024-01-01 17:33:00.000000000
"epic_bartik",38.320498753423756,-36.66716629370161,2024-01-01 18:36:00.000000000
"epic_bartik",38.320508806695464,-36.66720198258014,2024-01-01 18:53:00.000000000
"epic_bartik",38.32051055179876,-36.667234625023504,2024-01-01 19:14:00.000000000
"focused_lalande",38.32014299083205,-36.66677415579256,2024-01-01 11:02:00.000000000
"focused_lalande",38.32014116690443,-36.66677133274322,2024-01-01 11:06:00.000000000
"focused_lalande",38.32013218651175,-36.66676152308487,2024-01-01 11:16:00.000000000
"frosty_ride",38.32185878896378,-36.66648654308756,2024-01-01 08:39:00.000000000
"frosty_ride",38.321756404690326,-36.66667427880523,2024-01-01 14:16:00.000000000
"frosty_ride",38.3219889509743,-36.66676712395791,2024-01-01 18:14:00.000000000
"frosty_ride",38.321785136710794,-36.66696058399767,2024-01-01 18:16:00.000000000
"frosty_ride",38.32040971144474,-36.66666451733109,2024-01-01 18:20:00.000000000
"frosty_ride",38.320479150728616,-36.66678945828486,2024-01-01 18:25:00.000000000
"frosty_ride",38.32044072208829,-36.66677703492257,2024-01-01 18:32:00.000000000
"frosty_ride",38.32046236519273,-36.66675507241106,2024-01-01 18:33:00.000000000
"frosty_ride",38.32046007047833,-36.66677564545214,2024-01-01 18:43:00.000000000
"frosty_ride",38.32045973119622,-36.666784098043756,2024-01-01 18:45:00.000000000
"frosty_ride",38.32044012378468,-36.66679440513234,2024-01-01 19:01:00.000000000
"frosty_ride",38.32042231059247,-36.66678533904638,2024-01-01 19:06:00.000000000
"frosty_ride",38.32040161345185,-36.666811464523576,2024-01-01 19:09:00.000000000
"frosty_ride",38.320442404262714,-36.666763555496054,2024-01-01 19:24:00.000000000
"frosty_ride",38.32041603838002,-36.66672752082291,2024-01-01 19:29:00.000000000
"frosty_ride",38.32045313134236,-36.66677196936252,2024-01-01 19:35:00.000000000
"frosty_ride",38.3204445793641,-36.66673053939109,2024-01-01 19:57:00.000000000
"frosty_ride",38.32047647268051,-36.66673225340285,2024-01-01 20:03:00.000000000
"frosty_ride",38.32043882688253,-36.666750872410375,2024-01-01 20:07:00.000000000
"frosty_ride",38.320403476772235,-36.66671278748808,2024-01-01 20:15:00.000000000
"frosty_ride",38.32044720566482,-36.6667902928307,2024-01-01 20:26:00.000000000
"frosty_ride",38.320439087269335,-36.666787511085246,2024-01-01 20:27:00.000000000
"frosty_ride",38.32044154689426,-36.666810389702356,2024-01-01 20:29:00.000000000
"frosty_ride",38.32042105518633,-36.666753249055475,2024-01-01 20:30:00.000000000
"frosty_ride",38.3204171987794,-36.666777914742326,2024-01-01 20:35:00.000000000
"frosty_ride",38.3204135310161,-36.6667973694185,2024-01-01 20:39:00.000000000
"frosty_ride",38.320453996248105,-36.666784822548514,2024-01-01 20:44:00.000000000
"frosty_ride",38.32044246886076,-36.66679700668191,2024-01-01 20:54:00.000000000
"frosty_ride",38.320415603803056,-36.66678705637128,2024-01-01 21:06:00.000000000
"frosty_ride",38.32042748286837,-36.66678022906909,2024-01-01 21:07:00.000000000
"frosty_ride",38.32044748073771,-36.66674321789401,2024-01-01 21:36:00.000000000
"frosty_ride",38.32041155956836,-36.66674834982319,2024-01-01 21:38:00.000000000
"frosty_ride",38.320413151532506,-36.66675738511778,2024-01-01 21:39:00.000000000
"frosty_ride",38.3204212004007,-36.666755391804294,2024-01-01 21:41:00.000000000
"frosty_ride",38.32042627155164,-36.66676275173488,2024-01-01 21:45:00.000000000
"frosty_ride",38.32041260973294,-36.66672322472632,2024-01-01 21:54:00.000000000
"frosty_ride",38.320410959322935,-36.66673054730782,2024-01-01 21:56:00.000000000
"frosty_ride",38.320463891383866,-36.666693292923455,2024-01-01 22:07:00.000000000
"frosty_ride",38.32046137017315,-36.66671517917061,2024-01-01 22:08:00.000000000
"frosty_ride",38.320447323628436,-36.666708379199825,2024-01-01 22:17:00.000000000
"frosty_ride",38.32051075171047,-36.66677282090451,2024-01-01 22:59:00.000000000
"frosty_ride",38.32040810498133,-36.66674543493842,2024-01-01 23:04:00.000000000
"frosty_ride",38.3204034202576,-36.666722560325994,2024-01-01 23:18:00.000000000
"frosty_ride",38.32041616743966,-36.666684337297866,2024-01-01 23:22:00.000000000
"frosty_ride",38.320431292185944,-36.66676689384873,2024-01-01 23:29:00.000000000
"frosty_ride",38.32043555025943,-36.66678029185687,2024-01-01 23:44:00.000000000
"frosty_ride",38.320422474946696,-36.66677502613833,2024-01-01 23:49:00.000000000
"frosty_ride",38.3204009090708,-36.666720309583624,2024-01-01 23:58:00.000000000
"goofy_aryabhata",38.32001014213203,-36.66650175811606,2024-01-01 16:18:00.000000000
"goofy_aryabhata",38.320709928582545,-36.66675122047962,2024-01-01 19:35:00.000000000
"goofy_aryabhata",38.32071069280701,-36.666718605864666,2024-01-01 23:58:00.000000000
"happy_feynman",38.32100402671486,-36.66646349310715,2024-01-01 10:04:00.000000000
"happy_feynman",38.32088373300496,-36.66756556585337,2024-01-01 20:06:00.000000000
"happy_feynman",38.32090792416396,-36.66754211068012,2024-01-01 20:22:00.000000000
"happy_feynman",38.32088633286524,-36.66757242328074,2024-01-01 20:51:00.000000000
"happy_feynman",38.3208741613728,-36.667601172955194,2024-01-01 21:03:00.000000000
"happy_feynman",38.320972792269934,-36.6675198787373,2024-01-01 21:27:00.000000000
"happy_feynman",38.32100395089654,-36.66752861816601,2024-01-01 21:38:00.000000000
"happy_feynman",38.32099193783041,-36.667516301526305,2024-01-01 21:39:00.000000000
"happy_feynman",38.320989194807545,-36.66752002673687,2024-01-01 21:41:00.000000000
"happy_feynman",38.320998363414986,-36.667519211151095,2024-01-01 21:53:00.000000000
"heuristic_mayer",38.321021142436166,-36.66752003778048,2024-01-01 22:31:00.000000000
"hungry_tereshkova",38.32071414166088,-36.66773642853247,2024-01-01 10:50:00.000000000
"hungry_tereshkova",38.320746315901545,-36.667782551315184,2024-01-01 10:54:00.000000000
"hungry_tereshkova",38.32026501749802,-36.66790341177472,2024-01-01 16:43:00.000000000
"hungry_tereshkova",38.32028771381943,-36.667847523893535,2024-01-01 17:12:00.000000000
"hungry_tereshkova",38.32032627735311,-36.66789002167969,2024-01-01 17:36:00.000000000
"hungry_tereshkova",38.32072005096783,-36.66617393940912,2024-01-01 18:25:00.000000000
"hungry_tereshkova",38.32068310234463,-36.666183227578635,2024-01-01 19:09:00.000000000
"hungry_tereshkova",38.32051176343414,-36.666250570183124,2024-01-01 19:14:00.000000000
"hungry_tereshkova",38.32062156267866,-36.66622748251854,2024-01-01 19:21:00.000000000
"hungry_tereshkova",38.321461768540274,-36.66625606820388,2024-01-01 19:52:00.000000000
"hungry_tereshkova",38.32125782407883,-36.666744510144326,2024-01-01 20:48:00.000000000
"hungry_tereshkova",38.321178553585625,-36.66678399814049,2024-01-01 21:05:00.000000000
"hungry_tereshkova",38.321147598671,-36.666756873811885,2024-01-01 21:09:00.000000000
"hungry_tereshkova",38.32124878032918,-36.66673777683989,2024-01-01 21:35:00.000000000
"hungry_tereshkova",38.321279915890486,-36.666751040116594,2024-01-01 22:46:00.000000000
"hungry_tereshkova",38.32130004380551,-36.66673322557866,2024-01-01 23:06:00.000000000
"hungry_tereshkova",38.321268374567666,-36.66673489569901,2024-01-01 23:43:00.000000000
"hungry_tereshkova",38.32131441416534,-36.6667676194031,2024-01-01 23:45:00.000000000
"keen_kirch",38.31998358789305,-36.66649854132906,2024-01-01 08:36:00.000000000
"keen_kirch",38.32011981031091,-36.66651035162827,2024-01-01 08:42:00.000000000
"laughing_snyder",38.3217051012873,-36.6666107411391,2024-01-01 14:40:00.000000000
"laughing_snyder",38.3216796750085,-36.66655917643573,2024-01-01 14:51:00.000000000
"laughing_snyder",38.32162409633115,-36.66655105794667,2024-01-01 15:29:00.000000000
"laughing_snyder",38.321640242972215,-36.66655972509708,2024-01-01 15:31:00.000000000
"laughing_snyder",38.3216339782702,-36.66652538746204,2024-01-01 15:39:00.000000000
"laughing_snyder",38.32178629514233,-36.66653205448821,2024-01-01 15:58:00.000000000
"laughing_snyder",38.321731933663735,-36.6664916122538,2024-01-01 16:20:00.000000000
"laughing_snyder",38.320384577190445,-36.66697904517886,2024-01-01 20:50:00.000000000
"laughing_snyder",38.32043138905232,-36.66696636516986,2024-01-01 21:02:00.000000000
"laughing_snyder",38.320408643987946,-36.66697039575979,2024-01-01 21:54:00.000000000
"laughing_snyder",38.320398114257685,-36.666946438701004,2024-01-01 21:59:00.000000000
"laughing_snyder",38.320375455811366,-36.666925489423875,2024-01-01 22:03:00.000000000
"laughing_snyder",38.32038070336383,-36.66694912275725,2024-01-01 22:08:00.000000000
"mystifying_chebyshev",38.32021016972144,-36.66654902771032,2024-01-01 09:02:00.000000000
"mystifying_chebyshev",38.32021847780353,-36.66653935168944,2024-01-01 09:05:00.000000000
"mystifying_chebyshev",38.32020556165525,-36.66653865373881,2024-01-01 09:07:00.000000000
"mystifying_chebyshev",38.32020154197084,-36.666554644043494,2024-01-01 09:11:00.000000000
"mystifying_chebyshev",38.32021210259812,-36.66653459614647,2024-01-01 09:12:00.000000000
"mystifying_chebyshev",38.32020762130456,-36.66655746708898,2024-01-01 09:13:00.000000000
"mystifying_chebyshev",38.320176995652886,-36.66658525661481,2024-01-01 09:20:00.000000000
"mystifying_chebyshev",38.32022990078867,-36.66656165225665,2024-01-01 09:26:00.000000000
"mystifying_chebyshev",38.32018402379807,-36.66651130869145,2024-01-01 09:36:00.000000000
"mystifying_chebyshev",38.32019277043819,-36.66653958648367,2024-01-01 09:52:00.000000000
"mystifying_chebyshev",38.320198378475816,-36.666551788305696,2024-01-01 09:58:00.000000000
"mystifying_chebyshev",38.320195484211354,-36.666535854290736,2024-01-01 10:01:00.000000000
"mystifying_chebyshev",38.32014230936992,-36.66652174934354,2024-01-01 10:06:00.000000000
"mystifying_chebyshev",38.320111432480275,-36.6665321858172,2024-01-01 10:09:00.000000000
"mystifying_chebyshev",38.32013723378217,-36.66651957325629,2024-01-01 10:21:00.000000000
"mystifying_chebyshev",38.32014173377227,-36.66653445661985,2024-01-01 10:23:00.000000000
"mystifying_chebyshev",38.32013304465156,-36.66654582031824,2024-01-01 10:24:00.000000000
"mystifying_chebyshev",38.32014569224755,-36.66656034062891,2024-01-01 10:29:00.000000000
"mystifying_chebyshev",38.320205380747396,-36.66649756027007,2024-01-01 10:37:00.000000000
"mystifying_chebyshev",38.320193164211695,-36.666500587852745,2024-01-01 10:39:00.000000000
"mystifying_chebyshev",38.32021226778958,-36.66650950318648,2024-01-01 10:40:00.000000000
"mystifying_chebyshev",38.32020280953814,-36.666520423532155,2024-01-01 10:48:00.000000000
"mystifying_chebyshev",38.320156058942175,-36.66653701050901,2024-01-01 10:51:00.000000000
"mystifying_chebyshev",38.320116571173365,-36.66658442744546,2024-01-01 10:56:00.000000000
"mystifying_chebyshev",38.32011140633335,-36.66655609118933,2024-01-01 11:00:00.000000000
"mystifying_chebyshev",38.32015169829667,-36.66656381790196,2024-01-01 11:03:00.000000000
"mystifying_chebyshev",38.320121157527566,-36.66657468867433,2024-01-01 11:04:00.000000000
"mystifying_chebyshev",38.320183145268864,-36.66658635355168,2024-01-01 11:21:00.000000000
"mystifying_chebyshev",38.320235588038244,-36.66654004573078,2024-01-01 11:22:00.000000000
"mystifying_chebyshev",38.32032406926867,-36.66653265249737,2024-01-01 11:31:00.000000000
"mystifying_chebyshev",38.32032294072289,-36.666526736883654,2024-01-01 11:34:00.000000000
"mystifying_chebyshev",38.320338544106065,-36.666567528661965,2024-01-01 11:42:00.000000000
"mystifying_chebyshev",38.32029831452879,-36.66655941017308,2024-01-01 11:45:00.000000000
"mystifying_chebyshev",38.32061670605316,-36.66665609472529,2024-01-01 12:01:00.000000000
"mystifying_chebyshev",38.31969247397619,-36.666113279361944,2024-01-01 12:06:00.000000000
"mystifying_chebyshev",38.319676646042005,-36.66611438554579,2024-01-01 12:07:00.000000000
"mystifying_chebyshev",38.31968217515756,-36.66625217653743,2024-01-01 12:19:00.000000000
"mystifying_chebyshev",38.319678522440626,-36.66611029441318,2024-01-01 12:21:00.000000000
"mystifying_chebyshev",38.319610403494416,-36.66617964863866,2024-01-01 12:25:00.000000000
"mystifying_chebyshev",38.31959401149033,-36.666101375000395,2024-01-01 12:31:00.000000000
"mystifying_chebyshev",38.31963040005278,-36.66615835852233,2024-01-01 12:38:00.000000000
"mystifying_chebyshev",38.31963343546442,-36.66626040458309,2024-01-01 12:41:00.000000000
"mystifying_chebyshev",38.31960455608276,-36.66621868385091,2024-01-01 12:56:00.000000000
"mystifying_chebyshev",38.320115410224666,-36.66721731213919,2024-01-01 15:25:00.000000000
"mystifying_chebyshev",38.32012124110067,-36.66722194387353,2024-01-01 15:31:00.000000000
"mystifying_chebyshev",38.32012134313501,-36.667184807785354,2024-01-01 15:32:00.000000000
"mystifying_chebyshev",38.32004614074875,-36.66714556638148,2024-01-01 15:55:00.000000000
"mystifying_chebyshev",38.32007929799859,-36.66714681377277,2024-01-01 15:58:00.000000000
"mystifying_chebyshev",38.3202416304039,-36.66660152139764,2024-01-01 16:03:00.000000000
"mystifying_chebyshev",38.320181198889934,-36.66654764803031,2024-01-01 16:07:00.000000000
"mystifying_chebyshev",38.32022509212116,-36.666490506944754,2024-01-01 16:22:00.000000000
"mystifying_chebyshev",38.32025116383726,-36.66652249049147,2024-01-01 16:24:00.000000000
"mystifying_chebyshev",38.32022625241658,-36.66651986276119,2024-01-01 16:26:00.000000000
"mystifying_chebyshev",38.32019407199673,-36.66653475393716,2024-01-01 16:27:00.000000000
"mystifying_chebyshev",38.320197954019065,-36.6665313231469,2024-01-01 16:42:00.000000000
"mystifying_chebyshev",38.3202309189603,-36.66653099464461,2024-01-01 16:47:00.000000000
"mystifying_chebyshev",38.320216016067285,-36.66651093709293,2024-01-01 16:49:00.000000000
"mystifying_chebyshev",38.32028403390677,-36.666571973473594,2024-01-01 17:16:00.000000000
"mystifying_chebyshev",38.32097569307679,-36.667527910385225,2024-01-01 18:10:00.000000000
"mystifying_chebyshev",38.32100077120912,-36.667517723137856,2024-01-01 18:25:00.000000000
"mystifying_chebyshev",38.32094458234167,-36.66752079078964,2024-01-01 18:41:00.000000000
"mystifying_chebyshev",38.320962950491506,-36.66751125058783,2024-01-01 18:46:00.000000000
"mystifying_chebyshev",38.32095426420862,-36.66752393743147,2024-01-01 18:49:00.000000000
"mystifying_chebyshev",38.32091888175509,-36.667533565180165,2024-01-01 18:57:00.000000000
"mystifying_chebyshev",38.3209768893001,-36.667530584144004,2024-01-01 19:01:00.000000000
"mystifying_chebyshev",38.32101656539619,-36.667530524499846,2024-01-01 19:06:00.000000000
"mystifying_chebyshev",38.32099983216962,-36.667481684784775,2024-01-01 19:16:00.000000000
"mystifying_chebyshev",38.3210141172961,-36.66750496842378,2024-01-01 19:27:00.000000000
"mystifying_chebyshev",38.32102292982095,-36.667452334979,2024-01-01 19:50:00.000000000
"mystifying_chebyshev",38.32102393960702,-36.66746865412691,2024-01-01 19:55:00.000000000
"musing_lamarr",38.32212419539109,-36.66771294719475,2024-01-01 12:12:00.000000000
"musing_lamarr",38.322007001541685,-36.66761918134394,2024-01-01 12:40:00.000000000
"musing_lamarr",38.32126057707946,-36.66717212423492,2024-01-01 13:04:00.000000000
"musing_lamarr",38.32102938351508,-36.6678773175175,2024-01-01 17:20:00.000000000
"musing_lamarr",38.321240096859604,-36.66788003360495,2024-01-01 17:51:00.000000000
"musing_lamarr",38.32033810631261,-36.66806132596741,2024-01-01 18:20:00.000000000
"musing_lamarr",38.320373752649886,-36.66804047543102,2024-01-01 18:41:00.000000000
"musing_lamarr",38.32135990757607,-36.66675113291357,2024-01-01 19:33:00.000000000
"musing_lamarr",38.32140836798489,-36.66678517344392,2024-01-01 19:46:00.000000000
"musing_lamarr",38.321433854297204,-36.66681068298336,2024-01-01 20:17:00.000000000
"musing_lamarr",38.321365584346225,-36.66679837856359,2024-01-01 20:18:00.000000000
"musing_lamarr",38.32135973104199,-36.66676285824106,2024-01-01 21:04:00.000000000
"musing_lamarr",38.32136555023746,-36.66674790641092,2024-01-01 21:37:00.000000000
"musing_lamarr",38.32139397209125,-36.666792931481616,2024-01-01 23:11:00.000000000
"musing_lamarr",38.32138911394726,-36.666789295005046,2024-01-01 23:13:00.000000000
"musing_lamarr",38.321448309707726,-36.666761527536764,2024-01-01 23:36:00.000000000
"nervous_thompson",38.32012595063806,-36.66772664602396,2024-01-01 09:10:00.000000000
"nervous_thompson",38.32013619265323,-36.667812729106856,2024-01-01 09:50:00.000000000
"nervous_thompson",38.320176740724854,-36.66777992938131,2024-01-01 10:21:00.000000000
"nervous_thompson",38.32018041866716,-36.66777159270503,2024-01-01 10:34:00.000000000
"nervous_thompson",38.32020083304796,-36.66777619475486,2024-01-01 10:43:00.000000000
"nervous_thompson",38.32132206110779,-36.66620751794301,2024-01-01 12:30:00.000000000
"nervous_thompson",38.32093995845522,-36.666242132418404,2024-01-01 12:39:00.000000000
"nervous_thompson",38.32208862252642,-36.66805781794809,2024-01-01 12:55:00.000000000
"nervous_thompson",38.32090588887285,-36.667129503724546,2024-01-01 13:36:00.000000000
"nervous_thompson",38.320919563013994,-36.667164087798284,2024-01-01 13:37:00.000000000
"nervous_thompson",38.32084980656928,-36.66706905970123,2024-01-01 13:45:00.000000000
"nervous_thompson",38.32121599356476,-36.667099582282965,2024-01-01 13:46:00.000000000
"nervous_thompson",38.321645451936874,-36.667373944904305,2024-01-01 14:06:00.000000000
"nervous_thompson",38.321663715625405,-36.66735024079179,2024-01-01 14:14:00.000000000
"nervous_thompson",38.32170180914494,-36.66727825940239,2024-01-01 14:18:00.000000000
"nervous_thompson",38.321696586534244,-36.66728979344414,2024-01-01 14:28:00.000000000
"nervous_thompson",38.321625568718424,-36.66728561580683,2024-01-01 14:34:00.000000000
"nervous_thompson",38.32164380429319,-36.66727656025618,2024-01-01 14:35:00.000000000
"nervous_thompson",38.3216362154288,-36.667253566052636,2024-01-01 14:40:00.000000000
"nervous_thompson",38.32162806172583,-36.667253648758894,2024-01-01 14:48:00.000000000
"nervous_thompson",38.32165637361178,-36.66724618275961,2024-01-01 15:02:00.000000000
"nervous_thompson",38.320501376588375,-36.667497994402034,2024-01-01 20:53:00.000000000
"nervous_thompson",38.32052369954986,-36.667507917496536,2024-01-01 20:56:00.000000000
"nervous_thompson",38.32051804087762,-36.667512581563365,2024-01-01 21:04:00.000000000
"nervous_thompson",38.320405401767175,-36.66752669956451,2024-01-01 21:15:00.000000000
"nervous_thompson",38.320464692323974,-36.66754928761881,2024-01-01 21:20:00.000000000
"nervous_thompson",38.32038737547038,-36.66743685258174,2024-01-01 21:35:00.000000000
"nervous_thompson",38.32037622004513,-36.66744751266583,2024-01-01 22:00:00.000000000
"nervous_thompson",38.320365523126554,-36.66747331957521,2024-01-01 22:02:00.000000000
"nervous_thompson",38.32042319377004,-36.66751013910154,2024-01-01 22:07:00.000000000
"nervous_thompson",38.320365453218194,-36.66751577311864,2024-01-01 22:26:00.000000000
"nervous_thompson",38.32045756237808,-36.66739630869416,2024-01-01 22:37:00.000000000
"nervous_thompson",38.32039899019142,-36.667387989442425,2024-01-01 22:50:00.000000000
"nervous_thompson",38.32041507778283,-36.66749441991911,2024-01-01 23:23:00.000000000
"nervous_thompson",38.3203950683865,-36.66751154830963,2024-01-01 23:26:00.000000000
"nervous_thompson",38.32040622290443,-36.66750790531451,2024-01-01 23:34:00.000000000
"nervous_thompson",38.32041669309966,-36.66750501029161,2024-01-01 23:44:00.000000000
"objective_elbakyan",38.32111087026515,-36.666433500182784,2024-01-01 11:21:00.000000000
"objective_elbakyan",38.3210993332613,-36.66649525686897,2024-01-01 11:32:00.000000000
"objective_elbakyan",38.32110282985793,-36.66648096654916,2024-01-01 11:33:00.000000000
"objective_elbakyan",38.32101163962806,-36.666442624325526,2024-01-01 11:40:00.000000000
"peaceful_murdock",38.31998209264745,-36.667214358365214,2024-01-01 15:08:00.000000000
"peaceful_murdock",38.31997164306406,-36.66724309218451,2024-01-01 15:11:00.000000000
"peaceful_murdock",38.31999693177719,-36.66723279344168,2024-01-01 15:15:00.000000000
"peaceful_murdock",38.32143777848963,-36.66737661686506,2024-01-01 19:13:00.000000000
"peaceful_murdock",38.32142647059863,-36.667367939492166,2024-01-01 19:15:00.000000000
"practical_bardeen",38.32035900903383,-36.66777839662632,2024-01-01 09:32:00.000000000
"practical_bardeen",38.320374283507604,-36.667814655842015,2024-01-01 09:38:00.000000000
"practical_bardeen",38.32036709124771,-36.66778812315171,2024-01-01 09:45:00.000000000
"practical_bardeen",38.320308266821115,-36.667713654338705,2024-01-01 10:12:00.000000000
"practical_bardeen",38.320295911223376,-36.66771953254235,2024-01-01 10:18:00.000000000
"practical_bardeen",38.32032041056097,-36.667708582151064,2024-01-01 10:19:00.000000000
"practical_bardeen",38.32032460730348,-36.667694728207486,2024-01-01 10:22:00.000000000
"practical_bardeen",38.320304802906854,-36.667723940666846,2024-01-01 10:30:00.000000000
"practical_bardeen",38.32031475903187,-36.66771090024346,2024-01-01 10:35:00.000000000
"practical_bardeen",38.320310201587034,-36.667702390487285,2024-01-01 10:36:00.000000000
"practical_bardeen",38.3203384445816,-36.66770378372318,2024-01-01 10:39:00.000000000
"practical_bardeen",38.32027230567473,-36.66773496101113,2024-01-01 10:45:00.000000000
"practical_bardeen",38.32032670107772,-36.667763879906495,2024-01-01 10:48:00.000000000
"practical_bardeen",38.32030325970479,-36.667731975834094,2024-01-01 10:55:00.000000000
"practical_bardeen",38.32030656032955,-36.66769672269664,2024-01-01 11:01:00.000000000
"practical_bardeen",38.32034045685643,-36.66778781132306,2024-01-01 11:16:00.000000000
"practical_bardeen",38.32030939842172,-36.66782925593518,2024-01-01 11:24:00.000000000
"practical_bardeen",38.32033144920011,-36.6678150475051,2024-01-01 11:30:00.000000000
"practical_bardeen",38.320314451487796,-36.66782849474416,2024-01-01 11:31:00.000000000
"practical_bardeen",38.32112722603772,-36.66733540121556,2024-01-01 12:29:00.000000000
"practical_bardeen",38.32106978942813,-36.66694203478975,2024-01-01 12:32:00.000000000
"practical_bardeen",38.321074931235685,-36.66695974003895,2024-01-01 12:33:00.000000000
"practical_bardeen",38.320987531383395,-36.66701799582859,2024-01-01 12:37:00.000000000
"practical_bardeen",38.32096425766057,-36.667071864265004,2024-01-01 12:47:00.000000000
"practical_bardeen",38.32098040630287,-36.66700156410042,2024-01-01 12:50:00.000000000
"practical_bardeen",38.32074001686453,-36.66720511803483,2024-01-01 12:59:00.000000000
"practical_bardeen",38.3212198211906,-36.66817776615699,2024-01-01 13:08:00.000000000
"practical_bardeen",38.32164071712913,-36.66808609220989,2024-01-01 13:21:00.000000000
"practical_bardeen",38.32170481976194,-36.668054841171134,2024-01-01 13:38:00.000000000
"practical_bardeen",38.32161927657252,-36.66799712337507,2024-01-01 13:40:00.000000000
"practical_bardeen",38.321577985272505,-36.668000088634784,2024-01-01 13:43:00.000000000
"practical_bardeen",38.321342426854535,-36.66773847004161,2024-01-01 14:36:00.000000000
"practical_bardeen",38.321417131700656,-36.6677286096476,2024-01-01 14:42:00.000000000
"practical_bardeen",38.32144133728204,-36.667762903276774,2024-01-01 14:44:00.000000000
"practical_bardeen",38.3213692255889,-36.66774341337649,2024-01-01 15:10:00.000000000
"practical_bardeen",38.32135945244357,-36.667769883818245,2024-01-01 15:16:00.000000000
"practical_bardeen",38.321324734929334,-36.667741488745385,2024-01-01 15:23:00.000000000
"practical_bardeen",38.32133075864911,-36.667709142335916,2024-01-01 15:47:00.000000000
"practical_bardeen",38.32142460538191,-36.66798079062162,2024-01-01 16:01:00.000000000
"practical_bardeen",38.32106989877726,-36.66788261287108,2024-01-01 17:00:00.000000000
"practical_bardeen",38.32110743558737,-36.667889533413664,2024-01-01 17:02:00.000000000
"practical_bardeen",38.32177974947372,-36.66755129158938,2024-01-01 17:26:00.000000000
"practical_bardeen",38.32183414309222,-36.667534858956905,2024-01-01 17:34:00.000000000
"practical_bardeen",38.32182238216009,-36.667592825922114,2024-01-01 17:36:00.000000000
"practical_bardeen",38.32181838499563,-36.66763374252638,2024-01-01 17:43:00.000000000
"practical_bardeen",38.321809947535485,-36.66757648211686,2024-01-01 17:48:00.000000000
"practical_bardeen",38.32143788780301,-36.66697174517974,2024-01-01 21:15:00.000000000
"practical_bardeen",38.32143600805304,-36.666977675756755,2024-01-01 21:16:00.000000000
"practical_bardeen",38.321445320737695,-36.666982853411724,2024-01-01 21:20:00.000000000
"practical_bardeen",38.32141058464414,-36.666970669272274,2024-01-01 21:38:00.000000000
"practical_bardeen",38.321432512267805,-36.666940407958506,2024-01-01 21:49:00.000000000
"practical_bardeen",38.321347209153906,-36.66704001385621,2024-01-01 22:29:00.000000000
"practical_bardeen",38.32137477900636,-36.667026489590626,2024-01-01 22:32:00.000000000
"practical_bardeen",38.32136638758481,-36.66701725787911,2024-01-01 22:34:00.000000000
"practical_bardeen",38.321413343901035,-36.66697993879291,2024-01-01 22:59:00.000000000
"practical_bardeen",38.321403002991225,-36.66694813036772,2024-01-01 23:01:00.000000000
"practical_bardeen",38.321355980026155,-36.666974179989225,2024-01-01 23:26:00.000000000
"practical_bardeen",38.32133865379639,-36.66692365763026,2024-01-01 23:37:00.000000000
"practical_bardeen",38.32144550614378,-36.66692594982942,2024-01-01 23:48:00.000000000
"practical_bardeen",38.32145430336542,-36.66692949075799,2024-01-01 23:49:00.000000000
"quirky_kapitsa",38.32032018172096,-36.66641705372751,2024-01-01 10:49:00.000000000
"quirky_kapitsa",38.32032552865732,-36.666433459413525,2024-01-01 10:51:00.000000000
"quirky_kapitsa",38.32035755323439,-36.666416793795456,2024-01-01 11:06:00.000000000
"quirky_kapitsa",38.32028762232599,-36.66640794722182,2024-01-01 11:12:00.000000000
"quirky_kapitsa",38.320266533139296,-36.66642281807287,2024-01-01 11:19:00.000000000
"quirky_kapitsa",38.32027906863343,-36.66640742812583,2024-01-01 11:21:00.000000000
"quirky_kapitsa",38.32023993585605,-36.66637993725567,2024-01-01 11:23:00.000000000
"quirky_kapitsa",38.320253992331445,-36.66640238135881,2024-01-01 11:25:00.000000000
"quirky_kapitsa",38.32064311770957,-36.667277752861416,2024-01-01 13:47:00.000000000
"quirky_kapitsa",38.32071476140045,-36.66723690274591,2024-01-01 13:56:00.000000000
"quirky_kapitsa",38.320921121171835,-36.666935786632486,2024-01-01 13:57:00.000000000
"quirky_kapitsa",38.32086722226406,-36.6670504831639,2024-01-01 13:59:00.000000000
"quirky_kapitsa",38.32109400324046,-36.6664843058439,2024-01-01 14:13:00.000000000
"quirky_kapitsa",38.32108039793645,-36.66647991016288,2024-01-01 14:23:00.000000000
"quirky_kapitsa",38.32107960042536,-36.66648034517498,2024-01-01 14:31:00.000000000
"quirky_kapitsa",38.32108880226391,-36.66647338783025,2024-01-01 14:32:00.000000000
"quirky_kapitsa",38.32110713502175,-36.666473899895564,2024-01-01 14:44:00.000000000
"quirky_kapitsa",38.32110225796616,-36.666456494724784,2024-01-01 14:47:00.000000000
"quirky_kapitsa",38.32118953373838,-36.66649013164179,2024-01-01 15:29:00.000000000
"sad_gates",38.321694985636,-36.66647372892522,2024-01-01 10:26:00.000000000
"sad_gates",38.32166199383112,-36.666484053523675,2024-01-01 10:33:00.000000000
"sad_gates",38.322078120043216,-36.667277725982785,2024-01-01 12:16:00.000000000
"sharp_ramanujan",38.32175988659309,-36.66793373993991,2024-01-01 13:06:00.000000000
"sharp_ramanujan",38.322135469695404,-36.66621127716514,2024-01-01 13:16:00.000000000
"sharp_ramanujan",38.322229345784514,-36.66620831618899,2024-01-01 13:17:00.000000000
"sharp_ramanujan",38.32221392128678,-36.666207949782404,2024-01-01 13:19:00.000000000
"sharp_ramanujan",38.322029262388234,-36.666266721394585,2024-01-01 13:26:00.000000000
"sharp_ramanujan",38.32206741534971,-36.66625242535046,2024-01-01 13:43:00.000000000
"sharp_ramanujan",38.32116953318422,-36.66648174059488,2024-01-01 15:18:00.000000000
"sharp_ramanujan",38.321132075236044,-36.666507331083395,2024-01-01 15:20:00.000000000
"sharp_ramanujan",38.3212367106649,-36.66647049644884,2024-01-01 15:25:00.000000000
"sharp_ramanujan",38.32130148230886,-36.66644906926799,2024-01-01 15:29:00.000000000
"sharp_ramanujan",38.32131470393193,-36.666462728293226,2024-01-01 15:34:00.000000000
"sharp_ramanujan",38.321275095836995,-36.66643101575666,2024-01-01 15:41:00.000000000
"sharp_ramanujan",38.321243226001656,-36.66645145962034,2024-01-01 15:54:00.000000000
"sharp_ramanujan",38.3212809884867,-36.666424434588606,2024-01-01 15:55:00.000000000
"sharp_ramanujan",38.3212212021905,-36.666428690524,2024-01-01 15:56:00.000000000
"sharp_ramanujan",38.321240017452695,-36.666414134414836,2024-01-01 16:05:00.000000000
"sharp_ramanujan",38.32118552046027,-36.66638431303669,2024-01-01 16:16:00.000000000
"sharp_ramanujan",38.32118720123413,-36.66638672834823,2024-01-01 16:20:00.000000000
"sharp_ramanujan",38.32119231351226,-36.66639888435882,2024-01-01 16:23:00.000000000
"sharp_ramanujan",38.3212182426349,-36.666372429306236,2024-01-01 16:30:00.000000000
"sharp_ramanujan",38.32117916923782,-36.66639291997907,2024-01-01 16:35:00.000000000
"sharp_ramanujan",38.321219933515515,-36.6663601504428,2024-01-01 16:43:00.000000000
"sharp_ramanujan",38.32116545990772,-36.666377882275874,2024-01-01 16:47:00.000000000
"sharp_ramanujan",38.32124246267775,-36.666454585400224,2024-01-01 17:11:00.000000000
"sharp_ramanujan",38.3211332762315,-36.666522233031316,2024-01-01 17:34:00.000000000
"sharp_ramanujan",38.32113653558982,-36.66653005621401,2024-01-01 17:36:00.000000000
"sharp_ramanujan",38.32114467709003,-36.66653638688787,2024-01-01 17:41:00.000000000
"sharp_ramanujan",38.32117607710829,-36.66655179355595,2024-01-01 17:50:00.000000000
"sharp_ramanujan",38.3206390858639,-36.66622388569043,2024-01-01 18:03:00.000000000
"sharp_ramanujan",38.32060949426931,-36.66652824805147,2024-01-01 18:16:00.000000000
"sharp_ramanujan",38.321374162316644,-36.66740952738363,2024-01-01 18:26:00.000000000
"stoic_darwin",38.32112445163492,-36.66670775805769,2024-01-01 19:40:00.000000000
"suspicious_northcutt",38.32108018363133,-36.66648595651401,2024-01-01 09:05:00.000000000
"suspicious_northcutt",38.32123996365747,-36.66657111186376,2024-01-01 10:43:00.000000000
"suspicious_northcutt",38.32125106644392,-36.66658177793102,2024-01-01 10:53:00.000000000
"suspicious_northcutt",38.32125981394573,-36.666588435587194,2024-01-01 11:00:00.000000000
"suspicious_northcutt",38.32127198636716,-36.66657431660938,2024-01-01 11:05:00.000000000
"suspicious_northcutt",38.321207960388605,-36.666577970727246,2024-01-01 11:20:00.000000000
"suspicious_northcutt",38.3212137619275,-36.666534008755576,2024-01-01 11:31:00.000000000
"suspicious_northcutt",38.321221308903645,-36.6665457259588,2024-01-01 11:37:00.000000000
"suspicious_northcutt",38.3212482233013,-36.666501825516896,2024-01-01 11:51:00.000000000
"suspicious_northcutt",38.32126952472672,-36.66650138975632,2024-01-01 11:53:00.000000000
"suspicious_northcutt",38.321070121620046,-36.66630575919356,2024-01-01 12:01:00.000000000
"suspicious_northcutt",38.32112211371513,-36.66619098411994,2024-01-01 12:10:00.000000000
"suspicious_northcutt",38.32092452476257,-36.66616232987393,2024-01-01 12:17:00.000000000
"suspicious_northcutt",38.32087667024889,-36.66620284694588,2024-01-01 12:30:00.000000000
"suspicious_northcutt",38.320802134493356,-36.66623223831486,2024-01-01 12:33:00.000000000
"suspicious_northcutt",38.320923259990366,-36.666116547121675,2024-01-01 12:39:00.000000000
"suspicious_northcutt",38.320736216689326,-36.666292129940445,2024-01-01 12:46:00.000000000
"suspicious_northcutt",38.3207218719557,-36.66623812138447,2024-01-01 12:51:00.000000000
"suspicious_northcutt",38.31996884656577,-36.66623273901813,2024-01-01 13:18:00.000000000
"suspicious_northcutt",38.31998353472519,-36.66621221406626,2024-01-01 13:20:00.000000000
"suspicious_northcutt",38.320060960055145,-36.66624243356549,2024-01-01 13:26:00.000000000
"suspicious_northcutt",38.3200830091704,-36.66614708722798,2024-01-01 13:44:00.000000000
"suspicious_northcutt",38.319496712920994,-36.66759698642163,2024-01-01 13:50:00.000000000
"suspicious_northcutt",38.31954278357947,-36.66683403150485,2024-01-01 14:03:00.000000000
"suspicious_northcutt",38.31945838499941,-36.66651792461071,2024-01-01 14:04:00.000000000
"suspicious_northcutt",38.31974668057733,-36.66635455303694,2024-01-01 14:05:00.000000000
"suspicious_northcutt",38.32119008709605,-36.66648634549837,2024-01-01 14:15:00.000000000
"suspicious_northcutt",38.32120018534753,-36.66653407826646,2024-01-01 14:23:00.000000000
"suspicious_northcutt",38.32115496688198,-36.66654998333548,2024-01-01 14:33:00.000000000
"suspicious_northcutt",38.321137207275044,-36.66658133228224,2024-01-01 14:43:00.000000000
"suspicious_northcutt",38.321138081048765,-36.66656823618687,2024-01-01 14:46:00.000000000
"suspicious_northcutt",38.321118225933546,-36.666582625125805,2024-01-01 14:47:00.000000000
"suspicious_northcutt",38.32113214693932,-36.666549895254725,2024-01-01 15:08:00.000000000
"suspicious_northcutt",38.32115360992487,-36.666575030047625,2024-01-01 15:12:00.000000000
"suspicious_northcutt",38.321119449604936,-36.666559805989195,2024-01-01 15:14:00.000000000
"suspicious_northcutt",38.32119731679399,-36.666570339737845,2024-01-01 15:28:00.000000000
"suspicious_northcutt",38.321168769278664,-36.666591449480705,2024-01-01 15:29:00.000000000
"suspicious_northcutt",38.32109670309458,-36.66656759016073,2024-01-01 15:49:00.000000000
"suspicious_northcutt",38.32107279549133,-36.66654688460261,2024-01-01 15:56:00.000000000
"suspicious_northcutt",38.3210657835281,-36.6665579653293,2024-01-01 16:08:00.000000000
"suspicious_northcutt",38.32102412471312,-36.66650143895847,2024-01-01 16:20:00.000000000
"suspicious_northcutt",38.321048775346,-36.66636854656611,2024-01-01 16:34:00.000000000
"suspicious_northcutt",38.32116376026896,-36.66654302969745,2024-01-01 16:55:00.000000000
"suspicious_northcutt",38.3211895907101,-36.666559545961796,2024-01-01 16:56:00.000000000
"suspicious_northcutt",38.32117697302496,-36.66653894716961,2024-01-01 17:05:00.000000000
"suspicious_northcutt",38.32130971449879,-36.6664477645224,2024-01-01 17:10:00.000000000
"suspicious_northcutt",38.321163774372415,-36.66645014180898,2024-01-01 17:26:00.000000000
"suspicious_northcutt",38.321167015546635,-36.66641759189754,2024-01-01 17:28:00.000000000
"suspicious_northcutt",38.32119516246143,-36.66644661131317,2024-01-01 17:36:00.000000000
"suspicious_northcutt",38.32118476318123,-36.66643273778449,2024-01-01 17:39:00.000000000
"suspicious_northcutt",38.32118050932299,-36.66642996635581,2024-01-01 17:45:00.000000000
"suspicious_northcutt",38.32114780601029,-36.66648398939934,2024-01-01 17:53:00.000000000
"suspicious_northcutt",38.32102593095235,-36.66634161633709,2024-01-01 18:01:00.000000000
"suspicious_northcutt",38.321336284361045,-36.667411833323584,2024-01-01 18:12:00.000000000
"suspicious_northcutt",38.32139968916843,-36.66740761945344,2024-01-01 18:18:00.000000000
"suspicious_northcutt",38.3213660293824,-36.667405141732914,2024-01-01 18:24:00.000000000
"suspicious_northcutt",38.321400481598296,-36.66740969157306,2024-01-01 18:30:00.000000000
"suspicious_northcutt",38.321408980533946,-36.667352084117944,2024-01-01 18:37:00.000000000
"suspicious_northcutt",38.3214176105763,-36.66734724176659,2024-01-01 18:41:00.000000000
"suspicious_northcutt",38.3213644474135,-36.66735496183706,2024-01-01 18:43:00.000000000
"suspicious_northcutt",38.32135463621975,-36.66737796629272,2024-01-01 18:47:00.000000000
"suspicious_northcutt",38.32138293085372,-36.6673695956848,2024-01-01 18:48:00.000000000
"suspicious_northcutt",38.32132336054529,-36.667350700587136,2024-01-01 18:56:00.000000000
"suspicious_northcutt",38.32126632848373,-36.667377854072356,2024-01-01 18:57:00.000000000
"suspicious_northcutt",38.32133159736401,-36.66740780558578,2024-01-01 19:05:00.000000000
"suspicious_northcutt",38.32142111250476,-36.667454501812486,2024-01-01 19:08:00.000000000
"suspicious_northcutt",38.321388577792206,-36.66744205872147,2024-01-01 19:09:00.000000000
"suspicious_northcutt",38.321301477702995,-36.66747436056836,2024-01-01 19:39:00.000000000
"suspicious_northcutt",38.321364878745676,-36.66738902416423,2024-01-01 19:50:00.000000000
"suspicious_northcutt",38.32135114100758,-36.667392311397535,2024-01-01 19:52:00.000000000
"suspicious_northcutt",38.321369402800045,-36.667382368302135,2024-01-01 20:00:00.000000000
"suspicious_northcutt",38.321431191020764,-36.6674241739011,2024-01-01 20:16:00.000000000
"vigorous_chaplygin",38.321407440964634,-36.66687732999538,2024-01-01 21:28:00.000000000
"wonderful_nobel",38.320241771123094,-36.666576066885426,2024-01-01 11:43:00.000000000
"wonderful_nobel",38.320093986073886,-36.66734067893364,2024-01-01 14:52:00.000000000
"zealous_cray",38.32177883124057,-36.666489100579675,2024-01-01 10:49:00.000000000
"zealous_cray",38.32175205625547,-36.666490894665536,2024-01-01 10:50:00.000000000
"zealous_cray",38.321750439232694,-36.666457528617144,2024-01-01 10:55:00.000000000
"angry_spence",38.32099003456617,-36.66655528849554,2024-01-01 10:21:00.000000000
"angry_spence",38.32096229555234,-36.666504328474964,2024-01-01 10:27:00.000000000
"angry_spence",38.32095521370001,-36.66649487998291,2024-01-01 10:29:00.000000000
"angry_spence",38.32094679676949,-36.666520851103805,2024-01-01 10:39:00.000000000
"angry_spence",38.32095545467054,-36.666526779670065,2024-01-01 10:42:00.000000000
"angry_spence",38.3208808878735,-36.66655535657993,2024-01-01 11:00:00.000000000
"angry_spence",38.320852949556965,-36.666500114772994,2024-01-01 11:13:00.000000000
"angry_spence",38.32061978323216,-36.66778789534169,2024-01-01 11:22:00.000000000
"angry_spence",38.32064104765306,-36.66777888369016,2024-01-01 11:25:00.000000000
"angry_spence",38.32062780444736,-36.66771903408319,2024-01-01 11:28:00.000000000
"angry_spence",38.3197774331701,-36.66775206294331,2024-01-01 12:05:00.000000000
"angry_spence",38.3198110301289,-36.66769007362692,2024-01-01 12:10:00.000000000
"angry_spence",38.319745087049455,-36.66775566284426,2024-01-01 12:12:00.000000000
"angry_spence",38.319685656187,-36.666655169555376,2024-01-01 12:20:00.000000000
"angry_spence",38.31962453615753,-36.66666194797524,2024-01-01 12:23:00.000000000
"angry_spence",38.31969087791489,-36.66676474907711,2024-01-01 12:32:00.000000000
"angry_spence",38.3199887207781,-36.66648650389692,2024-01-01 15:04:00.000000000
"angry_spence",38.32000722189162,-36.66650770967171,2024-01-01 15:11:00.000000000
"angry_spence",38.31999141333506,-36.6664829409808,2024-01-01 15:13:00.000000000
"angry_spence",38.32005808773012,-36.66650368082582,2024-01-01 15:29:00.000000000
"angry_spence",38.32007726662475,-36.66649870472828,2024-01-01 15:30:00.000000000
"angry_spence",38.32006420396235,-36.66648388763792,2024-01-01 15:33:00.000000000
"angry_spence",38.32004004509757,-36.66642284565459,2024-01-01 15:43:00.000000000
"angry_spence",38.32004711119129,-36.666484357304476,2024-01-01 15:45:00.000000000
"angry_spence",38.3200998446931,-36.666496426962254,2024-01-01 15:48:00.000000000
"angry_spence",38.320091691330965,-36.66639428110934,2024-01-01 15:53:00.000000000
"angry_spence",38.32007048262897,-36.66646400185187,2024-01-01 16:07:00.000000000
"angry_spence",38.32007663736716,-36.66643168540461,2024-01-01 16:11:00.000000000
"angry_spence",38.320064186826876,-36.66646997317886,2024-01-01 16:15:00.000000000
"angry_spence",38.32004960445051,-36.66645864947781,2024-01-01 16:16:00.000000000
"angry_spence",38.32045033219928,-36.667460285761834,2024-01-01 18:17:00.000000000
"angry_spence",38.32042119319095,-36.667422963686896,2024-01-01 18:21:00.000000000
"angry_spence",38.3204265503327,-36.667438162217024,2024-01-01 18:27:00.000000000
"angry_spence",38.32041530624943,-36.66739830031944,2024-01-01 18:47:00.000000000
"angry_spence",38.32039807316803,-36.667435175669134,2024-01-01 18:54:00.000000000
"angry_spence",38.32039813098284,-36.66742938871812,2024-01-01 18:56:00.000000000
"angry_spence",38.32041541877801,-36.667438951149336,2024-01-01 19:00:00.000000000
"angry_spence",38.32047373191004,-36.667402964171956,2024-01-01 19:59:00.000000000
"angry_spence",38.320492425433514,-36.66740142160334,2024-01-01 20:07:00.000000000
"angry_spence",38.320491394794885,-36.667412538669346,2024-01-01 20:15:00.000000000
"angry_spence",38.32044306573852,-36.66741300353194,2024-01-01 20:25:00.000000000
"angry_spence",38.320472651854686,-36.66739920994439,2024-01-01 20:26:00.000000000
"angry_spence",38.320385415487294,-36.667365764232144,2024-01-01 20:48:00.000000000
"angry_spence",38.320395655609,-36.6673668625455,2024-01-01 20:50:00.000000000
"angry_spence",38.32039746785976,-36.66739394237801,2024-01-01 20:51:00.000000000
"angry_spence",38.32038150829097,-36.66737862733464,2024-01-01 20:53:00.000000000
"angry_spence",38.320443916649204,-36.667343712921095,2024-01-01 20:54:00.000000000
"angry_spence",38.32044237107405,-36.66735996237756,2024-01-01 20:56:00.000000000
"angry_spence",38.32045975821691,-36.667373765190995,2024-01-01 20:58:00.000000000
"angry_spence",38.321263792062574,-36.66755685356502,2024-01-01 21:15:00.000000000
"angry_spence",38.32128760612351,-36.66754661703537,2024-01-01 21:21:00.000000000
"angry_spence",38.32129986914904,-36.66747230373312,2024-01-01 21:33:00.000000000
"angry_spence",38.32127484403896,-36.66752857646979,2024-01-01 21:44:00.000000000
"angry_spence",38.321273707374445,-36.66751248335105,2024-01-01 21:45:00.000000000
"angry_spence",38.321303389894624,-36.66748492878128,2024-01-01 21:47:00.000000000
"angry_spence",38.3212378160651,-36.66750934032547,2024-01-01 21:51:00.000000000
"angry_spence",38.32119727799084,-36.66752242347579,2024-01-01 21:58:00.000000000
"angry_spence",38.321238669939035,-36.66752005087309,2024-01-01 22:04:00.000000000
"angry_spence",38.32128544610273,-36.66754494698421,2024-01-01 22:11:00.000000000
"angry_spence",38.321269970931006,-36.667529846847536,2024-01-01 22:14:00.000000000
"angry_spence",38.321275952460766,-36.66752317951468,2024-01-01 22:15:00.000000000
"angry_spence",38.321252777211505,-36.6675248255436,2024-01-01 22:16:00.000000000
"angry_spence",38.32122330436121,-36.667492184058126,2024-01-01 22:22:00.000000000
"angry_spence",38.32125979381366,-36.66753969445276,2024-01-01 22:29:00.000000000
"angry_spence",38.32127266219039,-36.66755761861124,2024-01-01 22:31:00.000000000
"angry_spence",38.32125883508551,-36.66752307130992,2024-01-01 22:36:00.000000000
"angry_spence",38.32128232087109,-36.66749868909539,2024-01-01 23:20:00.000000000
"angry_spence",38.32121858872986,-36.66755675051517,2024-01-01 23:28:00.000000000
"angry_spence",38.3212169801679,-36.667578657820485,2024-01-01 23:35:00.000000000
"angry_spence",38.32120238176089,-36.66753499135157,2024-01-01 23:49:00.000000000
"angry_spence",38.321238848351086,-36.66753509486803,2024-01-01 23:50:00.000000000
